Smiles,cid
C1COCCOCCOCCO1,CID1
COC(=O)OC(=O)OC,CID2
ClCC1(CCl)COC1,CID3
N=c1[nH]c2cc(I)ccc2o1,CID4
O=C1C=CC[C@@H]2[C@H]3CCCN4CCC[C@@H](CN12)[C@@H]34,CID5
C=C(Cl)C(Cl)=C(Cl)Cl,CID6
CC(C)(C)OOC(C)(C)C,CID7
ClCC(Cl)CCl,CID8
O=C1N(CO)C(O)=NC12CCCC2,CID9
COP(=S)(OC)SCCSC,CID10
Nc1ccsc1[N+](=O)[O-],CID11
CNP(=S)(NC)Oc1ccc(S(=O)(=O)N(C)C)cc1,CID12
N#CCCCC#N,CID13
Clc1cc2c(cc1Cl)Oc1c(Cl)c(Cl)c(Cl)c(Cl)c1O2,CID14
OC[C@H]1O[C@@H](OCC2=C[C@H](N[C@H]3C[C@H](CO)[C@@H](O[C@@H]4O[C@H](CO)[C@@H](O)[C@H](O)[C@H]4O)[C@H](O)[C@H]3O)[C@H](O)[C@@H](O)[C@@H]2O)[C@H](O)[C@@H](O)[C@@H]1O,CID15
O=S(=O)(O)c1cccc(NS(=O)(=O)c2cc(I)c(I)c(I)c2)c1,CID16
CP(C)(=S)Oc1ccc([N+](=O)[O-])cc1,CID17
N=C(CSS(=O)(=O)O)NCC1CCCC1,CID18
CCOC(=S)SSSC(=S)OCC,CID19
S=c1c2[nH]c3ccccc3c2nc2scnn12,CID20
CC(=O)N1C(=O)N=C(O)C12CCCCC2,CID21
NCCCNCCSP(=O)(O)O,CID22
COc1cc(OC)cc(OC)c1,CID23
Brc1ccc(N/N=C/c2ccc3c(c2)OCO3)cc1,CID24
CCCNS(=O)(=O)N=[N+]=[N-],CID25
N=C(CSS(=O)(=O)O)NC[C@H]1C[C@H]2CC[C@@H]1C2,CID26
CCC1SCC(C)(C)N=C1O,CID27
N=c1[nH]c2cc(F)ccc2o1,CID28
C#CC(C)(C)O,CID29
CCOP(=S)(OCC)SCC1(C)SCCS1,CID30
CSc1nncc(-c2ccc(Br)cc2)n1,CID31
COc1ccc2c(c1OC)CN1CCc3cc4c(cc3[C@@H]1C2)OCO4,CID32
O=C(O)CCC([N+](=O)[O-])([N+](=O)[O-])[N+](=O)[O-],CID33
O=S(=O)(O)SCCNCCCCCC1CCCC1,CID34
O=C1CCC[C@@H]2[C@H]3C[C@@H](CN12)[C@@H]1CCCCN1C3,CID35
O=c1c(F)cnc(O)n1C1CCCO1,CID36
CS/C(=N/OC(=O)N(C)S(=O)OC[C@@]12OC[C@H]3OC(C)(C)O[C@H]3[C@@H]1OC(C)(C)O2)C(=O)N(C)C,CID37
COP(=S)(OC)SCC1(C)SCCS1,CID38
O=CCCCCCF,CID39
N#CSCSc1nc2ccccc2s1,CID40
ClC=C(c1ccc(Cl)cc1)c1ccc(Cl)cc1,CID41
NC[C@@H]1O[C@H](O[C@@H]2[C@@H](CO)O[C@@H](O[C@@H]3[C@@H](O)[C@H](N)C[C@H](N)[C@H]3O[C@H]3O[C@H](CO)[C@@H](O)C[C@H]3N)[C@@H]2O)[C@H](N)[C@@H](O)[C@@H]1O,CID42
CNC1(C)[C@H]2CC[C@H](C2)C1(C)C,CID43
O=CCCCCCCF,CID44
O=C1OC(Nc2ccc3c(c2)OCO3)c2ccccc21,CID45
COP(C)(=S)Oc1ccc([N+](=O)[O-])cc1,CID46
CCCO[C@H]1[C@@H]([C@H]2COC(C)(C)O2)O[C@@H]2OC(C)(C)O[C@H]12,CID47
c1ccc2c(c1)Sc1cccnc1N2CCN1CCCC1,CID48
N=C(CSS(=O)(=O)O)NC1CCCCCCC1,CID49
N=C(N)NC(=N)Nc1ccc(S(=O)c2ccc(NC(=N)NC(=N)N)cc2)cc1,CID50
O=C(Cl)OCCOC(=O)Cl,CID51
CCSCCSP(=S)(OC)OC,CID52
COP(=O)(OC)Oc1ccc(S(=O)(=O)N(C)C)cc1,CID53
c1ccc(C(c2ccccc2)N2CCNCC2)cc1,CID54
O=C(O)CCC(=O)C12CC3CC(CC(C3)C1)C2,CID55
CN1CCN(c2cnn(C)c2N)CC1,CID56
Clc1ccc2ocnc2c1,CID57
Cn1c(-c2ccc([N+](=O)[O-])o2)nnc1S(C)=O,CID58
NS(=O)(=O)c1cc(Cl)c(Cl)c(S(N)(=O)=O)c1,CID59
CN1CCN(c2nc(Cl)c(Cl)c(Cl)n2)CC1,CID60
CCC1(C(C)(C)[N+](=O)[O-])C(O)=NC(=O)N=C1O,CID61
N=C(S)C(c1ccccc1)c1ccc(-c2ccccc2)nn1,CID62
CSc1ccc(C(c2ccc(SC)cc2)C(Cl)(Cl)Cl)cc1,CID63
CCOP(=S)(OCC)SCCSCC,CID64
CC(O)(C#CCl)C1CC1,CID65
CCC1CSC(C)(C)C(O)=N1,CID66
CC1(C)[C@H]2CC[C@]1(CN1CCCC1)[C@@H](O)C2,CID67
CCOP(=S)(Cl)OC,CID68
C=CCC1=C(C)C(OC(=O)C2C(C=C(C)C)C2(C)C)CC1=O,CID69
NC[C@H]1O[C@H](O[C@@H]2[C@@H](N)C[C@@H](N)[C@H](O)[C@H]2O[C@@H]2O[C@H](CO)[C@@H](O)[C@H]2O)[C@H](N)[C@@H](O)[C@@H]1O,CID70
Clc1ccc2c(c1)C(N1CCNCC1)=Nc1ccccc1O2,CID71
N=C(O)/N=C1\OC(CCl)CS1,CID72
Cc1cn(C)c([N+](=O)[O-])n1,CID73
OCCCO,CID74
CCOP(=S)(OCC)SCCSC,CID75
C[C@@]12CC[C@@H](CC1=O)[C@]2(C)C=O,CID76
CNC1CN(C2c3ccccc3CCc3ccccc32)C1,CID77
COP(=S)(OC)Oc1ccc(SC#N)cc1,CID78
N[C@@H](CSCC(=O)O)C(=O)O,CID79
CC1=C[C@H]2O[C@@H]3C[C@H]4OC(=O)/C=C\C=C/[C@H]([C@@H](C)O)OCC/C(C)=C\C(=O)OC[C@@]2(CC1)[C@]4(C)[C@]31CO1,CID80
CC(C)N=c1nc(Cl)[nH]c(=NC(C)C)[nH]1,CID81
CS/C(C)=N/OC(=O)N(C)S(=O)O[C@H]1[C@@H]2OC(C)(C)O[C@@H]2CO[C@]12COC(C)(C)O2,CID82
SCc1ccccn1,CID83
O=C1OCCN1/N=C/c1c(N2CCCCC2)nc2n(c1=O)CCCC2,CID84
O=S1c2ccccc2N(CC2CN3CCC2CC3)c2ccccc21,CID85
CC(C)=CC1C(C(=O)O)C1(C)C,CID86
CC1Nc2cc(Cl)c(Cl)cc2S(=O)(=O)N1,CID87
C[C@H]1O[C@@H](O[C@H]2[C@@H](O)C[C@H](O[C@H]3[C@@H](O)C[C@H](O[C@H]4CC[C@]5(C)[C@H]6C[C@@H](O)[C@]7(C)[C@@H](C8=CC(=O)OC8)CC[C@]7(O)[C@@H]6CC[C@@H]5C4)O[C@@H]3C)O[C@@H]2C)C[C@H](O)[C@@H]1O,CID88
Cc1ncc([N+](=O)[O-])n1CCOCCI,CID89
CCCCCCCCCCOC(=O)N(C)SN(C)C(=O)O/N=C/C(C)(C)SC,CID90
COc1cc2c3c(c1OC)[C@@H]1O[C@@H]1C[C@H]3N(C)CC2,CID91
CC(O)CC(C)(C)O,CID92
CC1(C)CC(N=C(O)C(F)(F)F)C(=O)O1,CID93
CC(=O)OCC([N+](=O)[O-])([N+](=O)[O-])[N+](=O)[O-],CID94
c1ccc2c(CC3=NCCN3)cccc2c1,CID95
Nc1ccc(S(=O)(=O)c2ccc(N)cc2)cc1,CID96
C=C(C)C(=O)OCC(C)C,CID97
N#Cc1cn([C@@H]2O[C@H](CO)[C@@H](O)[C@H]2O)c2ncnc(N)c12,CID98
CN1CCN(CCc2nc(Cn3cnc4c3c(=O)n(C)c(=O)n4C)no2)CC1,CID99
c1ccc2c(c1)Sc1cccnc1N2CCN1CCOCC1,CID100
O=S(=O)(Nc1ccc(Cl)cc1)C(F)(F)F,CID101
CC/C=C(\CCC)C1(CC)C(O)=NC(=O)N=C1O,CID102
OCC(O)CCl,CID103
Cn1c(=O)n(-c2cnccn2)c2cnccc21,CID104
CCCSCCSP(=S)(OCC)OCC,CID105
N=c1[nH]c(N2CCC3(CC2)OCCCO3)cc(N)[n+]1[O-],CID106
COP(=S)(OC)Oc1ccc(S(=O)(=O)N(C(C)C)C(C)C)cc1,CID107
CC1SCC(C)(C)N=C1O,CID108
Clc1ccc(C(Cl)(Cl)Cl)cc1,CID109
COc1ccc(/N=N/C(=N/c2ccc(-c3nnc(S)o3)cc2)c2ccc(OC)cc2)cc1,CID110
COP(=S)(Oc1cc(Cl)cc(Cl)c1Cl)c1ccccc1,CID111
Nc1ncnc2c1ncn2[C@@H]1O[C@H](CO)[C@@H](O)[C@@H]1O,CID112
O=[N+]([O-])c1nccn1CCO,CID113
CN(C)CCCC1c2ccccc2CSc2ccccc21,CID114
CCC1(CC)C(O)C(C)(C)C1N(C)C,CID115
C=C1/C(=C/C=C2/CCC[C@@]3(C)[C@H]2CC[C@@H]3[C@H](C)CCCC(C)C)C[C@@H](O)C[C@@H]1O,CID116
COc1c(Cl)nc(N2CCN(C)CC2)nc1Cl,CID117
O=c1oc2ccccc2c(O)c1-c1cccc2ccccc12,CID118
CC(O)=Nc1nc(C(F)(F)F)co1,CID119
CSC1=C(C#N)C(c2ccc(N(C)C)cc2)(c2cccnc2)C(=O)N1CCCN(C)C,CID120
CC(C)=CCC1(C(C)C)C(O)=NC(=O)N=C1O,CID121
CN(C)S(=O)(=O)CCN=C(O)N(CCCl)N=O,CID122
O=[N+]([O-])c1nccn1CC(O)CCl,CID123
C=C1C(=O)O[C@@H]2C[C@@H](C)[C@@H]3C=CC(=O)[C@@]3(C)[C@@H](O)[C@H]12,CID124
C=CCCCCCCCCC(=O)O,CID125
CN(C)C[C@@]12CC[C@@H](C[C@@H]1O)C2(C)C,CID126
CN=C(O)[C@H]1O[C@@H](n2cnc3c(N)ncnc32)[C@H](O)[C@@H]1O,CID127
CN=C(O)/C=C(\C)OP(=O)(OC)OC,CID128
O=C1c2ccccc2OCN1c1ccccc1,CID129
Nc1c(C2CCCO2)cnn1-c1ccccc1,CID130
CCCCOCC1CO1,CID131
CS/C(C)=N/OC(=O)N(C)SN(C)C(=O)OC(C)C,CID132
CCn1nc(C)cc1OC(=O)N(C)C,CID133
N[C@@H](CS)C(=O)O,CID134
CCN1CCOCC1,CID135
N=C1NCC(CN2CCN(c3ncccn3)CC2)O1,CID136
CCCC(C)(O)CC,CID137
CSc1c(Cl)nc(N2CCOCC2)nc1OC1CCN(C)CC1,CID138
COCCCN=C(S)N/N=C/c1cc(C)ns1,CID139
CCCC1CC(=O)N2CCSC2=N1,CID140
CN(C)CCN(C)C1=Nc2ccccc2Sc2ccc(Cl)cc21,CID141
O=c1nc(O)c(F)cn1[C@H]1C[C@H](O)[C@@H](CO)O1,CID142
CN(/N=C/c1ccc([N+](=O)[O-])o1)C(=N)O,CID143
C[C@@]1(C(=N)O)C[C@@H]2C=C[C@H]1C2,CID144
O=C1N=C(O)CCC1N1Cc2ccccc2C1=O,CID145
C/C=C/COCC(O)COC/C=C/C,CID146
N=C(CSS(=O)(=O)O)NCCCCCCO,CID147
C[C@H](O)[C@H](O)C(Cl)(Cl)Cl,CID148
COP(=S)(Oc1c(Cl)cc(Cl)cc1Cl)c1ccccc1,CID149
CN1CCN(Cc2nnc3c4c(cnn23)Sc2ccccc2N4)CC1,CID150
CCCC(C)C1(CC)C(O)=NC(=O)N=C1O,CID151
S=C(c1ccccc1)N1CCOCC1,CID152
CCN(CC)CCc1nc(CCn2cnc3c2c(=O)n(C)c(=O)n3C)no1,CID153
N=c1[nH]c2cc(Br)c(Cl)cc2o1,CID154
CN(C)CC/C=C1\c2ccccc2COc2ccccc21,CID155
CC(C)c1cc2c(s1)Nc1ccc(F)cc1N=C2N1CCN(C)CC1,CID156
COP(=S)(OC)Oc1ccccc1S(=O)(=O)N(C)C,CID157
CCN(CC)CCN=c1[nH]c(N(C)C)nc(Cl)c1SC,CID158
NC1Cc2cc(Cl)ccc2Sc2ccccc21,CID159
CCc1nn2c(=S)c3[nH]c4ccccc4c3nc2s1,CID160
O=C(O)COc1c(I)cc(I)cc1I,CID161
Cc1ncc([N+](=O)[O-])n1CCO,CID162
CC(C)(S)C(NC1=NCCC1)C(=O)O,CID163
O=S1(=O)CCN(c2ccc(OC[C@@H]3CO[C@](Cn4cncn4)(c4ccc(Cl)cc4Cl)O3)cc2)CC1,CID164
FC(F)(F)c1ccccc1,CID165
CC(C)(S)C(O)=N[C@@H](CS)C(=O)O,CID166
CCCCCCCCCCCC[N+]1([O-])CCCCC1,CID167
CN1CC(Cc2ccccc2)OC1=O,CID168
Nc1ccc([N+](=O)[O-])cc1[N+](=O)[O-],CID169
CC(=O)SCc1cnc(C)c(O)c1CO,CID170
CN1CCN(C2Cc3ccccc3Sc3ccccc32)CC1,CID171
CC(=O)N1C(=O)N=C(O)C12CCC(C)CC2,CID172
CC(N)Cc1ccc2c(c1)OCO2,CID173
COP(=S)(OC)SCN1C(=O)c2ccccc2C1=O,CID174
CCOP(=S)(Oc1ccc([N+](=O)[O-])cc1)C(C)C,CID175
CCC(C)(O)C#CCl,CID176
CC(C)OCC(O)COC(C)C,CID177
CCOP(=S)(OC)Oc1ccc(S(=O)(=O)N(C)C)cc1,CID178
Cc1ccccc1OP1(=O)OCc2ccccc2O1,CID179
CCCCC1C/C=C/C=C\C=C\C=C\C(O[C@@H]2O[C@H](C)[C@H](O)[C@H](N)[C@@H]2O)CC2OC(O)(CC(O)CC3OC3/C=C/C(=O)O1)CC(O)C2C(=O)O,CID180
COC(C)(C)CC(C)O,CID181
CSc1nn2c(=O)c3[nH]c4ccccc4c3nc2s1,CID182
CCCCCCCCC(C/C=C/Cl)CCCN,CID183
COc1ccc2c3c1O[C@H]1[C@@H](O)C=C[C@H]4[C@@H](C2)N(C)CC[C@]314,CID184
COc1cc(Cc2c[nH]c(=N)[nH]c2=N)cc(OC)c1,CID185
CC1(C)CSC(/C=C/c2cccnc2)=N1,CID186
Fc1cccc(/C=N/Nc2ccc(Br)cc2)c1,CID187
CC(=O)[C@H]1C[C@]2(C)C3(CO3)[C@H]1O[C@H]1C=C(C)C(=O)[C@H](O)[C@]12CO,CID188
C/C=C/C1(CCCC)C(O)=NC(=O)N=C1O,CID189
C=CCN1CCN(C2CN(/N=C/c3ccc([N+](=O)[O-])o3)C(=O)O2)CC1,CID190
[C-]#[N+]C(=C\c1ccc(O)cc1)/C(=C/c1ccc(O)c(O)c1)[N+]#[C-],CID191
COc1cccc(OC(c2ccccc2)C2CNCCO2)c1,CID192
Brc1cccc(N/N=C/c2ccccc2)c1,CID193
CC(C)OC(=O)C(C(=O)OC(C)C)=C1SCC(OC(=O)CCC(=O)O)S1,CID194
CC/C=C(\C)C1(C(C)C)C(O)=NC(=O)N=C1O,CID195
CN(c1c(Cl)cc(F)cc1Cl)c1c([N+](=O)[O-])cc([N+](=O)[O-])cc1C(F)(F)F,CID196
CC(O)=Nc1ccsc1[N+](=O)[O-],CID197
CN1CCN(C2=Nc3ccccc3Sc3ccc(Cl)cc32)CC1,CID198
CCC1(C(C)C=C(C)C)C(O)=NC(=O)N=C1O,CID199
C/C(Cc1ccccc1)=N\NC(=N)N[N+](=O)[O-],CID200
O=c1ccc(Oc2ccc(F)cc2)nn1CCO,CID201
NNC(S)=Nc1ccccc1,CID202
Cc1ccc(C(C(=N)S)c2ccccc2)nn1,CID203
Clc1ccc([C@@]2(Cn3cncn3)OC[C@@H](COc3ccc(N4CCSCC4)cc3)O2)c(Cl)c1,CID204
CC[C@H](C)C1O[C@]2(C=C[C@@H]1C)C[C@@H]1CC(C/C=C(\C)[C@@H](O[C@H]3C[C@H](OC)[C@@H](O[C@H]4C[C@H](OC)[C@H](N=C(C)O)[C@H](C)O4)[C@H](C)O3)[C@@H](C)/C=C/C=C3\CO[C@@H]4[C@H](O)C(C)=C[C@@H](C(=O)O1)[C@]34O)O2,CID205
COc1ccc(Cc2csc(N3CCNCC3)n2)cc1OC,CID206
CC(O)C1CCCCC1,CID207
FC(F)(F)c1ccc(Cl)cc1,CID208
CCN(CC)C1=Nc2ccccc2-n2c(nnc2-c2ccccc2)C1,CID209
O=c1ccc2cc(Cl)ccc2o1,CID210
C/C=C(\C)C1(CCCC)C(O)=NC(=O)N=C1O,CID211
N=C(NC(S)=Nc1ccccc1)Nc1nc2ccc([N+](=O)[O-])cc2[nH]1,CID212
CC(O)=N[C@@H](CS)C(=O)O,CID213
COc1cc([C@@H]2c3cc4c(cc3[C@H](O[C@@H]3O[C@@H]5COC(c6ccccc6)O[C@H]5[C@H](O)[C@H]3O)[C@H]3COC(=O)[C@H]23)OCO4)cc(OC)c1O,CID214
c1ccc(Cc2csc(N3CCNCC3)n2)cc1,CID215
Cc1c(C)c(C(=O)Cn2ccnc2)c(C)c(C)c1Br,CID216
CC(O)CCl,CID217
N#CN=C(Nc1ccccn1)NC1CCCCC1,CID218
CC[C@@H](C(=O)[C@@H](C)[C@@H](O)[C@H](C)[C@H]1O[C@](O)([C@H](C)C(=O)O)[C@H](C)C[C@@H]1C)[C@H]1O[C@](C)([C@]2(O)O[C@@](CC)([C@H](C)O)C[C@H]2C)C[C@@H]1C,CID219
CC(O)CO,CID220
Cc1c(C)c(C)c(C(=O)Cn2ccnc2)c(C)c1C,CID221
CCCCN(CCCC)CCCC,CID222
CCOCCOCCO,CID223
CN(c1ccc(F)cc1Cl)c1c([N+](=O)[O-])cc([N+](=O)[O-])cc1C(F)(F)F,CID224
CCC(=O)OC1C(C)(C)C(N(C)C)C1(C)C,CID225
O=[N+]([O-])c1ccc(-c2n[nH]c(N=C(O)C(Cl)Cl)n2)o1,CID226
CC[C@H]1OC(=O)[C@H](C)[C@@H](O[C@H]2C[C@@](C)(OC)[C@@H](O)[C@H](C)O2)[C@H](C)[C@@H](O[C@@H]2O[C@H](C)C[C@H](N(C)C)[C@H]2O)[C@](C)(O)C[C@@H](C)C(=O)[C@H](C)[C@@H](O)[C@]1(C)O,CID227
CCOP(=S)(OCC)O/C(=C/Cl)c1ccc(Br)cc1Cl,CID228
COc1ccc(C2Cc3ccc(OC)c4occ(c34)CCN2C)c2c1C1C(C#N)=C(N)SC1S2(=O)=O,CID229
CC(C)CO,CID230
NN1Cc2ccccc2CC1=O,CID231
C/C=C(\C)C(O)=NC(=N)O,CID232
OC1c2ccccc2CCc2ncccc21,CID233
CC1CC(c2ccccn2)(C(C)C)C(=O)O1,CID234
CCCC/C=C(\C)C1(CC)C(O)=NC(=O)N=C1O,CID235
CC(=O)OCC(=O)[C@@]1(O)CC[C@H]2[C@@H]3CCC4=CC(=O)CC[C@]4(C)[C@H]3[C@@H](O)C[C@@]21C,CID236
CCCCCCCCCCCCN,CID237
COc1cc2c(cc1O)C[C@@H]1NCCc3cc(OC)c(OC)c-2c31,CID238
N=C(O)OCCCl,CID239
C/C=C/Cn1c(=O)c2c(ncn2C)n(C)c1=O,CID240
COc1cc2c(cc1O)C[C@@H]1NCCc3cc(O)c(OC)c-2c31,CID241
Clc1ccc2c(c1)C1OC(CN3CCOCC3)OC1c1ccccc1O2,CID242
O=C(/C=C/C=C/c1ccc2c(c1)OCO2)N1CCCC1,CID243
COc1ccc(S(=O)(=O)Nc2nnc(C(C)(C)C)s2)cc1,CID244
Cn1c(=O)c2c(ncn2CC(O)CO)n(C)c1=O,CID245
O=C(O)CCCCCCCCCl,CID246
O=[N+]([O-])c1cc(-c2nnc(-c3ccc(Cl)c([N+](=O)[O-])c3)o2)ccc1Cl,CID247
C/C(=N\OC(=O)N(C)C(=O)CCl)SCCC#N,CID248
CO[C@H]1CC[C@H](O[C@@H]2C[C@@H]([C@@H](C)/C=C(\C)C(=O)[C@H](C)C[C@H](C)C(=O)O)O[C@@]3(CC[C@@](C)([C@H]4CC[C@@H](C)[C@@]5(O[C@@H]([C@H]6O[C@@](O)(CO)[C@H](C)C[C@@H]6C)C[C@@H]5C)O4)O3)C2C)O[C@@H]1C,CID249
CC(C)OC(=O)C(C(=O)OC(C)C)=C1SCC(OC(=O)CN2CCOCC2)S1,CID250
CCOP(=S)(OCC)SCC(=O)N(C(C)C)C(C)C,CID251
CC(C)/C=C/C(=O)C(C)(O)C1C(O)CC2(C)C3CC=C4C(C=C(OC5OC(CO)C(O)C(O)C5O)C(=O)C4(C)C)C3(C)C(=O)CC12C,CID252
O=C1CN=C(c2ccccc2F)c2cc(F)ccc2N1C1CCNCC1,CID253
COc1cc2c(c(OC)c1O)-c1ccc(OC)c(=O)cc1[C@@H](N=C(C)O)CC2,CID254
Clc1ccc(/C=N/Nc2ccc(Br)cc2)c(Cl)c1,CID255
COc1ccc(CCl)cc1OC,CID256
CCOC(=O)C1(n2cncn2)c2ccccc2-c2ccccc21,CID257
CC(O)CCCCO,CID258
CCC(=O)O[C@@H]1CC(=O)O[C@H](C)C[C@@H]2O[C@H]2/C=C/[C@H](O)[C@H](C)C[C@H](CC=O)[C@H](O[C@@H]2O[C@H](C)[C@@H](O[C@H]3C[C@@](C)(O)[C@@H](OC(=O)CC(C)C)[C@H](C)O3)[C@H](N(C)C)[C@H]2O)[C@H]1OC,CID259
COP(=S)(OC)Oc1ccc(SC)c(C)c1,CID260
CCOP(=S)(OCC)SC(SCC)c1ccccc1,CID261
Cn1c(N=C(O)CCl)nnc1-c1ccc([N+](=O)[O-])o1,CID262
CNS(=O)(=O)c1cc2c(c(C(O)=NC3CCN(C4CCCCC4)C3)c1)OCCO2,CID263
Nc1c(-c2ccncc2)cnn1-c1ccccc1,CID264
CCCCc1cnc([N+](=O)[O-])n1C,CID265
Cc1ncc(COP(=O)(O)O)c(CO)c1O,CID266
CO/N=C/C1=CCCN(C(=O)OCCc2ccccc2)C1,CID267
ClC(Cl)(Cl)c1cccc(C(Cl)(Cl)Cl)c1,CID268
CN(c1ccc(Cl)cc1Cl)c1c([N+](=O)[O-])cc([N+](=O)[O-])cc1C(F)(F)F,CID269
O=C(c1cc(-c2ccccc2)c(=O)n2c1-c1sccc1C2)N1CCOCC1,CID270
CCC(C)COCC(O)CNC(C)C,CID271
COc1ccc2sc(O)nc2c1,CID272
CC(=O)C(C)(C)C,CID273
CC(C)N=C(O)[C@H]1O[C@@H](n2cnc3c(N)ncnc32)[C@H](O)[C@@H]1O,CID274
O=C1c2cc([N+](=O)[O-])ccc2OCN1c1ccccc1,CID275
CC(O)=Nc1nc(-c2ccc([N+](=O)[O-])o2)nn1C,CID276
CCC1(CC)C(O)=NC(=O)N=C1O,CID277
CC(=N)c1c(O)nc(O)c2c1CCCC2,CID278
O=c1oc2ccccc2c(O)c1-c1ccccc1,CID279
Oc1nc2c(Cl)c(Cl)c(Cl)cc2o1,CID280
COc1cc2c(cc1O)[C@@H]1Cc3ccc(O)c(OC)c3CN1CC2,CID281
CC1CN(CC2CN(/N=C/c3ccc([N+](=O)[O-])o3)C(=O)O2)CCO1,CID282
OC(CCCl)=NC1=Nc2ncccc2C(O)=NN1,CID283
C/C(=N/NC(=O)c1ccnc(C)c1)c1cccs1,CID284
CC(=O)OC(C)(C)/C=C/C(=O)C(C)(O)[C@H]1[C@H](O)C[C@@]2(C)[C@@H]3CC=C4[C@@H](C=C(O[C@@H]5O[C@H](CO)[C@@H](O)[C@H](O)[C@H]5O)C(=O)C4(C)C)[C@]3(C)C(=O)C[C@]12C,CID285
ClCCN1CCN(C2Cc3ccccc3Sc3ccc(Cl)cc32)CC1,CID286
COc1ccc2c(c1OC)C(=O)OC2[C@H]1c2c(cc3c(c2OC)OCO3)CCN1C,CID287
N#Cc1c(Cl)c(C#N)c(Nc2ccc(Cl)c(Cl)c2)c(C#N)c1Cl,CID288
COc1ccc(-c2nnc(N3CCN(C)CC3)nc2-c2ccc(OC)cc2)cc1,CID289
CCCC(C)(C)C(O)=NC(=N)O,CID290
O=C1c2ccccc2OCN1c1ccc([N+](=O)[O-])cc1,CID291
CC(C)NNC(=O)c1ccc(S(=O)(=O)C(C)C)cc1,CID292
O=C(c1ccccc1)c1ccc2c(c1)CCO2,CID293
CN1CCN(C(=O)OC2C3=C(OCCS3)C(=O)N2c2ccc(Cl)cn2)CC1,CID294
CN1CCN(CCCN2c3ccccc3Sc3ccc(C(F)(F)F)cc32)CC1,CID295
OC(c1ccccc1)(c1ccccc1)C1CCCCN1,CID296
CC(=O)Oc1c(I)cc(I)cc1C(=O)O,CID297
CCN(CC)/C(C)=N\N=C\c1c2c(O)c3c(O)c(C)c4c(c3c1O)C(=O)[C@@](C)(O/C=C\[C@H](OC)[C@@H](C)[C@@H](OC(C)=O)[C@H](C)[C@H](O)[C@H](C)[C@@H](O)[C@@H](C)/C=C\C=C(\C)C(O)=N2)O4,CID298
CCC(=O)CCC(C)(C)C(CC)N(C)C,CID299
Cn1c(=O)oc2ccc(Cl)cc2c1=O,CID300
CCCCCCOC(=O)N(CC)SN(C)C(=O)O/N=C(\C)SC,CID301
COc1ccc(CCC(O)c2c(OCCN3CCCC3)c(OC)c3occc3c2OC)cc1,CID302
COc1ccc(/C=C(\C)C2=NC(C)(C)CO2)cc1,CID303
CN(C)n1c(=O)c2ccccc2n(C)c1=O,CID304
CCCCCCOCC(O)COC,CID305
CN1C(=O)CCSC1c1ccccc1,CID306
CCCCOCC(O)COCCCC,CID307
N#Cc1c(Cl)c(C#N)c(Nc2ccc(Br)cc2)c(C#N)c1Cl,CID308
Cc1cc(-n2c(C)nc3cc(Cl)ccc3c2=O)on1,CID309
C=CCN=C(O)N1CC(c2ccccc2)OC1=O,CID310
COc1ccc(/C=C/C2=NC(C)(C)CS2)cc1,CID311
Oc1nc(=S)oc2ccc(Cl)cc12,CID312
Cc1nc2c(nnc3cc(F)ccc32)c(=O)n1CCN1CCOCC1,CID313
CCOP(=S)(Oc1c([N+](=O)[O-])cccc1[N+](=O)[O-])c1ccccc1,CID314
COc1cc(N=C(O)N2CCCO2)cc(OC)c1OC,CID315
CC(=O)C=C(C)C,CID316
N#CSc1ccc(NC(=N)O)cc1,CID317
c1ccc2c(c1)CCc1cc(CN3CCCCC3)ccc1N2,CID318
CN(C)Cn1c(=O)oc2ccc(Cl)cc21,CID319
CC(C)=CC(O)=N/N=C/c1ccc([N+](=O)[O-])o1,CID320
CCCNS(=O)(=O)c1ccc(OP(=S)(OC)OC)cc1,CID321
CN(SN1CCOCC1)C(=O)Oc1cccc2c1OC(C)(C)C2,CID322
CC1(C)CSC(Cc2ccccc2)=N1,CID323
CSc1ccc2c(c1)N(CCC1CCCCN1C)c1ccccc1S2,CID324
CN(C)CCN1C(=O)c2ccccc2Nc2ccccc21,CID325
O=C1N=C(O)C(c2ccc(-c3ccccc3)cc2)=C1O,CID326
CC1COC2(c3ccccc3)c3cc(Br)ccc3N=C(O)CN12,CID327
CC(C)(C)CN=C(N=c1cc[nH]cc1)NC#N,CID328
C=CCN1CCN(/N=C/c2c3c(O)c4c(O)c(C)c5c(c4c2O)C(=O)[C@@](C)(OC=C[C@H](OC)[C@@H](C)[C@@H](OC(C)=O)[C@H](C)[C@H](O)[C@H](C)[C@@H](O)[C@@H](C)/C=C\C=C(\C)C(O)=N3)O5)CC1,CID329
CCCCC#N,CID330
CN=C(O)N1N=C(c2ccc(N)cc2)c2cc3c(cc2CC1C)OCO3,CID331
Cc1cc(CCl)cc(C)c1CCl,CID332
Cc1cc(C(=O)NN=C(S)S)ccn1,CID333
Cc1ccc(C(=O)c2ccc3c(c2)CC(C(=O)O)C3)o1,CID334
CC(CN1c2ccccc2Sc2cccnc21)N(C)C,CID335
CCCc1cnc([N+](=O)[O-])n1CCO,CID336
CN(C(=O)Oc1cccc2c1OC(C)(C)C2)S(=O)SC(C)(C)C,CID337
O=C(N/N=C/c1ccco1)c1ccncc1,CID338
CO[C@H]1C=CO[C@@]2(C)Oc3c(C)c(O)c4c(c3C2=O)C2=NC3(CCN(CC(C)C)CC3)NC2=C(N=C(O)/C(C)=C\C=C/[C@H](C)[C@H](O)[C@@H](C)[C@@H](O)[C@@H](C)[C@H](OC(C)=O)[C@@H]1C)C4=O,CID339
CCNc1c(C#N)c(Cl)c(C#N)c(NCC)c1C#N,CID340
O=C(N/N=C/[C@H](O)[C@@H](O)[C@H](O)[C@H](O)CO)c1ccncc1,CID341
Cc1ncc(CO)c(C=O)c1O,CID342
O=C1[C@@H]2[C@H]3CC[C@H](O3)[C@@H]2C(=O)N1c1ccc(Cl)cc1,CID343
C=CCOCCOc1cccc2cc(-c3nn[nH]n3)c(=O)oc12,CID344
OC1=NCC(Cc2cccc(C(F)(F)F)c2)O1,CID345
CCC(=O)O/N=C(\C)Cl,CID346
O=[N+]([O-])c1cc(I)c(O)c(I)c1,CID347
CCCC1(c2ccccn2)CC(C)OC1=O,CID348
Cc1ncc(CO)c(/C=N/O)c1O,CID349
NN=C(O)c1ccnc2c1CCCC2,CID350
c1ccc(Nc2ccc3ccccc3c2)cc1,CID351
N#Cc1c(Cl)cc(Cl)c(C#N)c1Cl,CID352
CCCCCCO,CID353
CN=C(O)Oc1cccc2c1OCC2,CID354
CN(C)CCCN1c2ccccc2CCc2ccccc21,CID355
COc1cccc2cc(-c3nn[nH]n3)c(=O)oc12,CID356
N#CSc1cc(Cl)c(NC(=O)CF)cc1Cl,CID357
CN(C)c1ccc(-n2c(=O)n(C)c3ccc(Cl)cc32)cc1,CID358
CN1CCN(C2Cc3ccccc3Sc3ccc(Cl)cc32)CC1,CID359
CN(C)C(=O)N(C)C(=O)Nc1ccc(F)cc1,CID360
O=C(c1ccccc1)C1C(=O)c2ccccc2C1=O,CID361
CN1c2ccccc2N=Cc2c1oc1ccc(Cl)cc1c2=O,CID362
CCOP(=S)(OCC)Oc1ccc(OC(C)CC(C)C)nn1,CID363
C/C=C(\CCC)C(O)=NC(=N)O,CID364
COP(=O)(Oc1ccc([N+](=O)[O-])c(C)c1)SC,CID365
CN(C)C(=O)N(C)C(=O)Nc1ccc(Br)cc1,CID366
C=CCc1ccccc1,CID367
CC(=O)C(C)C,CID368
CN1C(=O)CCS(=O)(=O)C1c1ccc(Cl)c(Cl)c1,CID369
CC(=N)c1c(O)nc(OC(C)C)c2c1CCC2,CID370
CC1(C)COC(Cc2ccccc2)=N1,CID371
C=CC(C)(CCC=C(C)C)OC(C)=O,CID372
Cc1csc(N=C(N=c2cc(C)[nH]c3ccccc23)NC(C)(C)C)n1,CID373
Clc1ccccc1/C=N/Nc1ccc(I)cc1,CID374
CC1Cc2cc(C(=O)c3ccc(F)cc3)ccc2O1,CID375
CCSc1nn2c(=O)c3[nH]c4ccccc4c3nc2s1,CID376
O=C1c2ccccc2Nc2cc(Cl)ccc2N1CCN1CCCC1,CID377
CS(=O)(=O)OC(CCN1CCCCC1)(c1ccccc1)c1ccccc1,CID378
CN1C(=O)CCS(=O)(=O)C1c1ccc(Cl)cc1Cl,CID379
OC1=NCC(Cc2ccccc2Br)O1,CID380
CCCC[C@H](C)C[C@H](O)/C=C/[C@H]1[C@H](O)CC(=O)[C@@H]1CC(=O)CCCCC(=O)OC,CID381
Cc1cc(=NC(=Nc2nccs2)NC2(C)CCCC2)c2ccccc2[nH]1,CID382
COc1ccc(C(=O)N2CC3CCCCC3C2=O)cc1,CID383
CC[C@@]12CCCN3CCc4c(n(c5ccccc45)[C@@H](CO)C1)[C@H]32,CID384
C/C(Cl)=N\Nc1ccccc1[N+](=O)[O-],CID385
COP(=S)(OC)Oc1ccc(C#N)cc1Cl,CID386
COc1cccc(Cc2csc(N3CCNCC3)n2)c1,CID387
CCN(CC)c1cc(=O)nc2sccn12,CID388
COc1ccc(CC2=NC(C)(C)CO2)cc1,CID389
N=C(CSS(=O)(=O)O)NCCCOCc1ccccc1,CID390
CN1CCN(C2=Nc3cc(Cl)ccc3Cc3ccccc32)CC1,CID391
O=C(O)c1cc(NCc2ccsc2)c(Oc2ccccc2)c(S(=O)(=O)n2cccc2)c1,CID392
CCc1cc2c(s1)N=C(O)CN=C2c1ccccc1F,CID393
COc1c(I)cc(I)cc1C(=O)O,CID394
CCCCN(CCCC)CCN1c2ccccc2Sc2cccnc21,CID395
Nc1ccc(Cl)c([N+](=O)[O-])c1,CID396
COc1cccc(N2CCN(C(=O)N(C)C(=O)N(C)C)CC2)c1,CID397
O=C(CCc1cc2c(s1)-n1c(nnc1C1CC1)CN=C2c1ccccc1Cl)N1CCOCC1,CID398
CC(=O)CCC(C)(C)C(C)N(C)C,CID399
CCN(CC)CCOC(=O)CCC(O)=Nc1nnc(C(C)C)s1,CID400
COc1ccccc1OCC1N(C(=O)CSC(C)=O)CCS1=O,CID401
NN=C(O)c1cc(Cl)nc(Cl)c1,CID402
CCCCCCCCCCCCC(Br)C(=O)O,CID403
CN1CCN(C2=Nc3ccccc3Cc3ccc(Cl)cc32)CC1,CID404
OCCc1ccncc1,CID405
CC(=O)CC(C)(C)O,CID406
COc1ccc([C@H]2OC(=O)C[C@@H]2C(C)=O)cc1OC,CID407
CCCCC1(CCN2CCCCC2)C(O)=NC(=O)N=C1O,CID408
Cc1ccc(N2C(=O)C3=C(SCCO3)C2OC(=O)N2CCN(C)CC2)nc1,CID409
Cc1nn(Cc2ccccc2)cc1OCCO,CID410
O=C1c2ccccc2OC(CCCl)N1c1ccccc1,CID411
CCCN(CCC)C(=O)CSP(=S)(OCC)OCC,CID412
O=C(Cc1ccccc1)c1ccc2c(c1)CCO2,CID413
CCOP(=S)(Oc1ccc([N+](=O)[O-])cc1)c1ccc(Cl)cc1,CID414
O=C1/C(=C\c2ccc(Br)cc2)N=C(c2ccccc2)N1/N=C/c1ccccc1Br,CID415
C#CCN1C(=O)CN=C(c2ccccc2)c2cc(Cl)ccc21,CID416
CCC(O)c1ccc2c(c1)OCO2,CID417
O=C(CF)Nc1ccc(F)cc1,CID418
CC(=O)OCN1C(=O)N(COC(C)=O)C(c2ccccc2)(c2ccccc2)C1=O,CID419
CCN(CC)CCCC(C)N=c1[nH]c(/C=C/c2c(Br)cc(Br)cc2Br)nc2ccc([N+](=O)[O-])cc12,CID420
Nc1ccc(Cl)c(Cl)c1,CID421
CC(=O)Oc1ccc([C@@]23C[C@@H]4C[C@@H](C[C@@](C(=O)O)(C4)C2)C3)cc1,CID422
NC(=Nc1ccccc1)c1ccncc1,CID423
O=[N+]([O-])c1ccc(NN=CO)cc1,CID424
CCC(NC(=NC#N)N=c1cc[nH]cc1)C(C)C,CID425
N=C(N)NC(=N)Nc1ccc(Oc2ccc(S(=O)(=O)CCl)cc2)cc1,CID426
Cc1ccc2c(=O)n(-c3cc(C)no3)c(C)nc2c1,CID427
COc1ccc(Nc2cc[nH]c(=N)c2C#N)cc1,CID428
O=[N+]([O-])c1ccc(N2N=C(c3ccc(Cl)cc3)CC2c2ccccc2)c([N+](=O)[O-])c1,CID429
COc1cc(C(O)=NN)ccn1,CID430
CN(C)C(=O)OC1N=C(c2ccccc2)c2cc(Cl)ccc2N(C)C1=O,CID431
CC(=O)c1ccc(N2CCN(C3CCC(O)=N3)CC2)cc1,CID432
CNCCOc1cc(C)nn1-c1ccccc1,CID433
CCCCO/N=C(\C)c1ccc(-c2ccc(CC)cc2)s1,CID434
O=C1/C(=C\c2ccccc2Br)N=C(c2ccccc2)N1/N=C/c1ccccc1,CID435
CCCCN(CCCC)C(=O)CSP(=S)(OCC)OCC,CID436
Cn1c(=O)c2c(ncn2CCN2CCC(C(=O)c3ccc(F)cc3)CC2)n(C)c1=O,CID437
CC(C)=CCOc1ccc(NC(S)=N/N=C/c2ccco2)cc1,CID438
O=C1/C(=C\c2ccccc2)N=C(c2ccccc2)N1/N=C/c1ccccc1Br,CID439
COc1ccc(C2Cc3ccc(OC)c4occ(c34)CCN2C)c2c1C(O)=C(/N=N/c1ccc(F)cc1)S2(=O)=O,CID440
CCCCN1CCN(C2=Cc3ccccc3Oc3ccccc32)CC1,CID441
O=c1c(-c2ccc(Cl)cc2)cc(-c2ccc(Cl)cc2)nn1CCN1CCOCC1,CID442
CC(C)OC(=O)N(C)SN(C)C(=O)Oc1cccc2c1OC(C)(C)C2,CID443
CN1C(=O)CC2(CCN(CCCC(=O)c3ccc(F)cc3)CC2)C1=O,CID444
Cc1cc(S(=O)(=O)NNc2nc3ccccc3s2)ccc1NC(S)=NC1CCCCC1,CID445
C=CCC1(c2ccccc2)C(O)=NC(=O)N=C1O,CID446
O=Cc1ccc(Br)cc1,CID447
O=C(O)Cc1ccc2c(c1)C(=O)c1ccccc1CO2,CID448
O=C(CBr)Nc1ccc(Oc2ccc(Br)cc2)cc1,CID449
Cc1nc([N+](=O)[O-])cn1CCOc1ccccc1,CID450
CC(CN(C(C)C)C(C)C)N1CCN(c2ccccn2)CC1,CID451
O=C(CF)Nc1ccc(Br)cc1,CID452
CCOc1nc(O)c(C(C)=N)c2c1CCC2,CID453
CCN1CCO[C@@H]2c3ccccc3CCC[C@H]21,CID454
Cc1[nH]c(=N)[nH]c(=N)c1Cc1ccc(Cl)cc1,CID455
CCCCNC(C)C(O)c1ccc(SCC(C)C)cc1,CID456
OC1=Nc2ccc(Cl)cc2C(c2ccccc2F)=NC1,CID457
Cc1ncc([N+](=O)[O-])n1CCOc1ccccc1,CID458
COP(=S)(OC)Oc1ccc([N+](=O)[O-])cc1C,CID459
Cc1cc(=NC(=NCC(C)(C)C)Nc2nccs2)c2ccccc2[nH]1,CID460
CCc1ccc(-c2ccc(/C(C)=N/OC)s2)cc1,CID461
C/C=C/C=C/C(=O)OC1CCCCC1,CID462
C=CCOc1ccc([C@@H]2c3ccc(OC)cc3OC(C)(C)[C@H]2c2ccccc2)cc1,CID463
CC[C@]12CCCN3CCc4c(n(c5ccccc45)[C@@H](C(O)=NC4CC4)C1)[C@@H]32,CID464
O=c1c2c(oc3ccc(Cl)cc13)N(Cc1ccccc1)c1ccccc1N=C2,CID465
NC(=Nc1ccc(Cl)cc1)c1ccncc1,CID466
Cc1ccccc1/N=N/C(=N/c1ccc(-c2nnc(S)o2)cc1)c1ccccc1,CID467
Cc1cc(C(=O)NN)cc(C)n1,CID468
CCOCCN=C(NC#N)Nc1cccnc1,CID469
Nc1c(C(=O)NCCN2CCCC2)nnc2c(F)cccc12,CID470
CCCCOc1c(Cl)c(Cl)c(C#N)c(Cl)c1C#N,CID471
CCN(CC)CCOC(=O)C1(c2ccccc2)CCCC1,CID472
CCOP(=S)(OCC)Oc1ccc(Oc2c(Cl)cc(Cl)cc2Cl)nn1,CID473
CN1C(=O)CN=C(c2ccccc2)c2cc(C#N)ccc21,CID474
COC[C@]12CN(C)C3[C@@H]4[C@H](OC)[C@H]1[C@@]3([C@@H](OC)C[C@H]2O)[C@@H]1C[C@]2(O)[C@@H](OC)[C@H](O)[C@@]4(OC)[C@H]1[C@H]2OC(=O)c1ccccc1,CID475
CC1(C)CC(N=C(O)c2c[nH]c3ccccc23)C(=O)O1,CID476
C/C(CC(=O)OC(C)(C)C)=N\N=c1ccc(N2CCCC2)n[nH]1,CID477
Cc1nnc2n1-c1sc(CCC(=O)N(C)C)cc1C(c1ccccc1Cl)=NC2,CID478
CN1CCN(c2nc3c(cc2F)c(=O)c(C(=O)O)cn3CCF)CC1,CID479
CC(=O)COc1ccc2cc(C(C)=O)ccc2c1,CID480
CCCN(CCC)S(=O)(=O)c1ccc(CO)cc1,CID481
NCCN1C(=O)CN=C(c2ccccc2F)c2cc(Cl)ccc21,CID482
CN(C)CCCN1c2ccccc2C(C)(C)c2ccccc21,CID483
COc1ccc(C2(O)CCCCC2CN(C)C)cc1,CID484
CCC1C(C)=NN=C(c2ccc(OC)c(OC)c2)c2cc(OC)c(OC)cc21,CID485
O=C(CCc1cc2c(s1)-n1cnnc1CN=C2c1ccccc1Cl)N1CCOCC1,CID486
CN(C)CC1C(=O)OC2(CCCC2)C1c1ccc(Cl)cc1,CID487
CC1(C)OC(O)=Nc2ccc(Cl)cc21,CID488
CCCCCCCCCCCCCC(=O)OC(C)C,CID489
CCN(CC)CCCC(C)Nc1cc(OC)cc2cccnc12,CID490
OC1=NCC(Cc2ccccc2Oc2ccccc2)O1,CID491
CC1(C)CC(NC(=O)c2ccc(F)cc2)C(=O)O1,CID492
CC1(C)OC(O)=Nc2ccccc21,CID493
CO[C@H]1C=CO[C@@]2(C)Oc3c(C)c(O)c4c(O)c(c5nc6ccccc6nc5c4c3C2=O)N=C(O)/C(C)=C\C=C/[C@H](C)[C@H](O)[C@@H](C)[C@@H](O)[C@@H](C)[C@H](OC(C)=O)[C@@H]1C,CID494
Cc1nnc2n1-c1sc(CC(=O)N3CCOCC3)cc1C(c1ccccc1Cl)=NC2,CID495
Cc1cc(=NC(=NCC(C)C)Nc2nccs2)c2ccccc2[nH]1,CID496
COc1ccc(-c2nccs2)cc1C(=O)O,CID497
Clc1ccc(CCOc2ncnc3ncccc23)cc1,CID498
Cc1ccccc1N=C(S)NC(=N)Nc1nc2ccc([N+](=O)[O-])cc2[nH]1,CID499
CCOc1ccccc1OCC1CNCCO1,CID500
COc1cccc(C2(O)CCCCC2CN2CCCC2)c1,CID501
N=C(N)NC(O)=Nc1cccc(S(=O)(=O)CCl)c1,CID502
O=S1c2ccccc2N(CCCN2CCN(CCO)CC2)c2cc(Cl)ccc21,CID503
CCN(CC)c1cc(=O)c2c(ccc3ccc(OC)cc32)o1,CID504
CC(C)(C)C(=O)OCOC(=O)C(C)(C)Oc1ccc(Cc2ccc(Cl)cc2)cc1,CID505
CC(C)N1CCN(c2cc3ccccc3c(=O)c3ccccc23)CC1,CID506
CC(=O)[C@]1(O)Cc2c(O)c3c(c(O)c2[C@@H](O[C@H]2C[C@H](N)[C@H](O)[C@H](C)O2)C1)C(=O)c1ccccc1C3=O,CID507
CCCCC=O,CID508
COc1cc(C(O)=NC2CCCNC2)cc(OC)c1OC,CID509
CCCC(=O)N1CCN(C(=O)CCC)CC1,CID510
COc1ccccc1OC(c1ccccc1Cl)C1CNCCO1,CID511
Cc1nc2ccccc2c(=O)n1-c1cccc(F)c1,CID512
CCCCOC(=O)CCC(O)=Nc1nnc(C(C)C)s1,CID513
NS(=O)(=O)c1ccc(N2CC(c3ccccc3)CC2=O)c(Cl)c1,CID514
OC(=Nc1ccccc1)Nc1ncco1,CID515
OC(CCl)=Nc1cc(Cl)c(Cl)cc1F,CID516
CC(NCCCCc1ccccc1)C(O)c1ccc2c(c1)CCC2,CID517
OC1=NC(N2CCN(Cc3ccccc3)CC2)CC1,CID518
CCCCC(=O)N1CCN(C(=O)CCCC)CC1,CID519
CC(=O)[C@]1(O)Cc2c(O)c3c(c(O)c2[C@@H](O[C@H]2C[C@H](N)[C@H](O)[C@H](C)O2)C1)C(=O)c1c(O)cccc1C3=O,CID520
C=CC(=O)OCC(C)C,CID521
O=C1N(CCO)C(O)=NC1(c1ccccc1)c1ccccc1,CID522
CC1(C)c2ccccc2N(C(=O)SCCN2CCOCC2)c2ccccc21,CID523
CCOP(=S)(OCC)OCc1ccc(Cl)cc1[N+](=O)[O-],CID524
OC(CCNC1CCCCC1)COc1cccc2ccccc12,CID525
O=C(/C=C/c1ccccc1)Oc1ccc2c(=O)c(-c3ccccc3)coc2c1,CID526
CCCCCCCC(=O)OCC(COC(=O)CCCCCCC)OC(=O)CCCCCCC,CID527
CC1(c2ccc(Br)cc2)N=C(O)N(CCO)C1=O,CID528
CCOP(=S)(Oc1ccc([N+](=O)[O-])cc1Cl)c1ccccc1,CID529
CN1C[C@H](CN2CC(=O)N=C(O)C2)C[C@H]2c3cccc4[nH]cc(c34)C[C@@H]21,CID530
Cc1cc(C)c(C)c(C(=O)Cn2ccnc2)c1C,CID531
C=CCOC(=O)CCCCCC,CID532
CCN(CC)CCCN1c2ccccc2Sc2ccc(Cl)cc21,CID533
CCc1ccc(-c2ccc(/C(C)=N/OCCN(CC)CC)s2)cc1,CID534
O=c1c(-c2ccccc2)cc(-c2cccc(Cl)c2)nn1CCN1CCCC1,CID535
COc1cccc(C2(O)CCCCC2N2CCCCC2)c1,CID536
Nc1ccccc1[N+](=O)[O-],CID537
Clc1ccc2c(c1)CC(N1CCN(CCOc3ccccc3)CC1)c1ccccc1S2,CID538
CCCCOP(=O)(OCCCC)Oc1ccccc1,CID539
Cc1cc(=NC(=Nc2ccccc2)NC(C)(C)C)c2ccccc2[nH]1,CID540
Oc1c(Cl)cc(Cl)c(Cl)c1Cl,CID541
CCCOCC(=O)N1CCN(C(=O)COCCC)CC1,CID542
Oc1nc2ccc(Cc3ccccc3)cc2o1,CID543
CC(O)=Nc1ccc(S(=O)(=O)C(C)C)cc1,CID544
O=C(CCN1CCCCC1)N1c2ccccc2C(O)=Nc2cccnc21,CID545
C/C=C/c1cc(OC)c(OC)cc1OC,CID546
O=C(O)CCn1c(=O)oc2cc(C(=O)c3ccc(Cl)cc3)ccc21,CID547
Cc1cc(C)c(N)c(C)c1,CID548
CCN(CC)CCNCCOc1cc(C)nn1-c1ccccc1,CID549
CCSN(C)C(=O)Oc1cccc2c1OC(C)(C)C2,CID550
CN1CCC(C2Cc3ccccc3C2(O)c2ccc(Cl)cc2)CC1,CID551
CCOC(=O)C(C)O,CID552
OC(=Nc1ccccc1)N/N=C/c1ccco1,CID553
COc1ccc2c3c1O[C@H]1[C@@H](OC(=O)c4cccnc4)C=C[C@H]4[C@@H](C2)N(C)CC[C@]314,CID554
COc1c(C(O)CCc2ccc(O)cc2)c(OCCN2CCCC2)c(OC)c2occc12,CID555
N=C(Nc1cccc(F)c1)c1ccccc1Cl,CID556
CCCCCCC(C)=O,CID557
Cc1nc2ccccc2c(=O)n1-c1ccc(F)cc1,CID558
COc1ccc([N+](=O)[O-])cc1Cl,CID559
O=C(O)c1ccccc1NS(=O)(=O)c1cc(I)c(I)c(I)c1,CID560
Cc1cc(OC(=O)N(C)C)n(-c2ccccc2)n1,CID561
CC1(Cc2ccccc2)OCC(CO)O1,CID562
O=C(c1ccccc1)N(O)CN1CCOCC1,CID563
COc1ccc2c(c1)Nc1ccccc1C(=O)N2CCN(C)C,CID564
CC[C@@]12C=C(C(=O)OCC3CC3)n3c4c(c5ccccc53)CCN(CCC1)[C@H]42,CID565
O=C(/C=C/c1ccccc1)c1ccc2c(c1)OCCCO2,CID566
COc1cc(N=C(O)N2CCOCC2)cc(OC)c1OC,CID567
CC(C)NNC(=O)c1ccncc1,CID568
Cc1ccc2c(=O)cc(N(C)C)oc2c1,CID569
CCOC(=O)C1(c2ccccc2)CCN(CCC(C#N)(c2ccccc2)c2ccccc2)CC1,CID570
CN1C(=O)CCSC1c1cccc(Cl)c1,CID571
COc1cc(N)ccc1OCCC1CCCCC1,CID572
CN1C(=O)CC(c2ccccc2)C1=O,CID573
CC(C)(C)C(O)C(Oc1ccc(Cl)cc1)n1cncn1,CID574
CCC1(c2ccc(Br)cc2)C(O)=NC(=O)N=C1O,CID575
FC(F)(F)c1cccc(-n2nc(OCCCN3CCCCC3)c3ccccc32)c1,CID576
CC(C)(C)NCC(O)COc1cccc2c1C[C@H](O)[C@H](O)C2,CID577
CC(Cc1ccccc1)NCCC(c1ccccc1)c1ccccc1,CID578
O=C1OC(CO)CN1c1ccc(Cl)cc1,CID579
CCOC(C1=NCCCN1)c1ccc2ccccc2c1,CID580
N=C(Nc1cccc2ccccc12)c1ccccc1Cl,CID581
CCCCCCCCCCCCCCCCCC(=O)OCC(C)O,CID582
Cc1nnc2n1-c1sc(CCCC(=O)N3CCOCC3)cc1C(c1ccccc1Cl)=NC2,CID583
CCCn1c(O)c(C(C)=N)c2c(c1=O)CCCC2,CID584
Oc1ncnc2ccc(Cl)cc12,CID585
CN1CCN(c2cc3ccc(Cl)cc3c(=O)c3ccccc23)CC1,CID586
COC(=O)c1cc(-c2nc(C)cs2)ccc1OC,CID587
O=C(c1ccc2nc(O)oc2c1)c1ccccc1Cl,CID588
N=C1CC(=O)N(c2ccccc2)c2cc(Cl)ccc2N1,CID589
CC1COc2c(N3CCN(C)CC3)c(F)cc3c(=O)c(C(=O)O)cn1c23,CID590
CCCCCCn1c(O)c(C(C)=N)c2c(c1=O)CCCC2,CID591
Cn1c(=O)c2c(ncn2CCN2CCN(c3ccc(Cl)cc3)CC2)n(C)c1=O,CID592
OC1=NC2(CCN(CCc3ccccc3)CC2)C(O)=N1,CID593
O=C1/C(=C\c2ccccc2[N+](=O)[O-])N=C(c2ccccc2)N1/N=C/c1ccccc1Br,CID594
CN(C)CCCOc1nn(-c2ccccc2)cc1S(=O)(=O)c1ccc(Cl)cc1,CID595
CCCCn1c(O)c(C(C)=N)c2c(c1=O)CCCC2,CID596
C/C(CC(c1ccc([N+](=O)[O-])cc1)c1c(O)c2ccccc2oc1=O)=N\O,CID597
CCOP(=S)(Oc1ccc(C#N)cc1Cl)c1ccccc1,CID598
Cc1cc(OCCCN(C)C)n(-c2ccccc2)n1,CID599
CC(C)(Oc1ccccc1)C(=O)OCCN1CCOCC1,CID600
CCCOc1ccc(C(c2ccc(OCC)cc2)C(C)(C)C)cc1,CID601
O=C(c1ccc(F)cc1)C1CC1CN1CCC(O)(c2cccc(C(F)(F)F)c2)CC1,CID602
OC1=Nc2ccc(Cl)cc2C(c2ccccc2)=NC1O,CID603
CCOC(=O)N(SN(C)C(=O)Oc1cccc2c1OC(C)(C)C2)C(C)C,CID604
CC1CN=C(O)OC12CCN(CCCC(=O)c1ccc(F)cc1)CC2,CID605
NN=C(O)c1ccnc(-c2ccccc2)c1,CID606
CC1(C)c2ccccc2N(C(=O)SCCN2CCCCC2)c2ccccc21,CID607
O=C1c2ccccc2C(=O)C1C(=O)C(c1ccccc1)c1ccc(Cl)cc1,CID608
O=[N+]([O-])c1ccc(Nc2ccc(O)cc2)c([N+](=O)[O-])c1,CID609
OC1=NC(N2CCN(c3ccccc3Cl)CC2)CC1,CID610
CN(C)C(C)(Cn1ccnc1)c1ccc(-c2ccccc2)cc1,CID611
CCC(=O)N(C)C(=O)Oc1cccc2c1OC(C)(C)O2,CID612
Cc1nnc2n1-c1sc(CCC(O)=NC(C)C)cc1C(c1ccccc1Cl)=NC2,CID613
Cc1cc(S(=O)(=O)NNc2nc3ccccc3s2)ccc1NC(O)=Nc1ccccc1,CID614
CCC1(c2ccccc2)OCC(CO)O1,CID615
CCC(Oc1c(Cl)cc(I)c(Cl)c1I)C(=O)O,CID616
OC(COc1cccc2ccccc12)CN1CCCCC1,CID617
CNS(=O)(=O)c1cc2c(c(C(O)=NC3CCN(Cc4ccccc4)CC3)c1)OCCO2,CID618
CC(=O)[C@H]1CC(=O)O[C@@H]1c1ccccc1[N+](=O)[O-],CID619
O=C1/C(=C\c2ccc([N+](=O)[O-])cc2)N=C(c2ccccc2)N1/N=C/c1ccccc1Br,CID620
CC(C)(C)[C@H](O)[C@@H](Cc1ccc(Cl)cc1Cl)n1cncn1,CID621
CC(CC(=O)c1ccc(-c2ccc(F)cc2F)cc1)C(=O)O,CID622
O=C(CCC1C(=O)N(c2ccccc2)N(c2ccccc2)C1=O)c1ccc(Br)cc1,CID623
CC(C)CCOc1ccc(N)cn1,CID624
O=c1ccc(Oc2ccc(Cl)cc2)nn1CCCO,CID625
CCN(CC)CCSC1=C(C#N)C(c2ccc(N(C)C)cc2)(c2cccnc2)C(=O)N1,CID626
CCCCN(CC#N)SN(C)C(=O)Oc1cccc2c1OC(C)(C)C2,CID627
CS(=O)(=O)c1ccc(N2CCN(C(=O)c3ccc(Nc4ccnc5cc(C(F)(F)F)ccc45)cc3)CC2)cc1,CID628
CCCCC1(C/C=C(\C)Cl)C(=O)N(c2ccccc2)N=C1O,CID629
CN(C)C(=O)Oc1cccc2c1OC(C)(C)O2,CID630
CCc1cc(C(O)=NN)ccn1,CID631
CCCCOc1ccc(/N=N/N(C)C)cc1,CID632
CCN=C(O)N1CC(c2ccc(Cl)c(Cl)c2)OC1=O,CID633
CCCC(=O)N(CC)c1c(I)cc(I)c(OC(CC)C(=O)O)c1I,CID634
CCC(Oc1c(I)cc(I)c(N(CC)C(C)=O)c1I)C(=O)O,CID635
OC1=Nc2ccc(Cl)cc2C(c2ccccc2)=N[C@H]1Cc1ccccc1,CID636
CN=C(O)Oc1cccc2ccccc12,CID637
CCC1Oc2ccccc2N(CC(O)CO)C1=O,CID638
CCCN1COc2ccccc2C1=O,CID639
CNc1c(C)n(C)n(-c2ccccc2)c1=O,CID640
COc1cc(/C=C/C(=O)N2CCOCC2)cc(OC)c1OC,CID641
Cc1ccccc1N1C(=O)c2ccccc2NC1C,CID642
CCOCCOc1cccc2cc(-c3nn[nH]n3)c(=O)oc12,CID643
CCc1ccc2nc(O)oc2c1,CID644
CCCCOCCOc1ccc(N)cn1,CID645
Cc1cc(C(=O)NN=C(O)C2(C)CCCCC2)ccn1,CID646
CCN(CC)CCN=C(O)c1nnc2c(F)cccc2c1O,CID647
CCCOc1nc(O)c(C(C)=N)c2c1CCCC2,CID648
Cc1cc(C)c(C)c(OC(=N)O)c1,CID649
CN1C(=O)CN=C(c2ccccc2F)c2cc(N=C(O)NC(C)(C)C)ccc21,CID650
CCC(CN(C)C)(c1ccccc1)n1ccnc1,CID651
CCN1C(=O)CCSC1c1ccc(Cl)cc1,CID652
Clc1ccc(-c2ccccc2Cl)cc1,CID653
Cc1ccc(N)c(C)c1,CID654
CN1CCC(Oc2ccccc2)(c2ccccc2)CC1,CID655
CCC(Oc1c(I)cc(I)c(N(C)C(C)=O)c1I)C(=O)O,CID656
Cn1c(=O)oc2cc(C(=O)CN3CCN(c4cccc(C(F)(F)F)c4)CC3)ccc21,CID657
O=C(Cl)c1ccc([N+](=O)[O-])cc1,CID658
Cc1ccc(N=C(N)c2ccncc2)cc1,CID659
CCN1C[C@@]2(COC)[C@H]3[C@@H](OC)[C@H]4C1[C@]3([C@@H](OC)C[C@H]2O)[C@@H]1C[C@]2(O)[C@@H](OC)[C@H](O)[C@@]4(OC(C)=O)[C@H]1[C@H]2OC(=O)c1ccccc1,CID660
COc1ccc(-c2cc(-c3ccccc3)c(=O)n(CCN3CCOCC3)n2)cc1,CID661
COc1ccc2nc(O)n(-c3ccccc3)c2c1,CID662
O=C(O)CCn1c(=O)oc2cc(C(=O)c3ccccc3Cl)ccc21,CID663
CCCC(=O)Oc1c(Cl)c(Cl)c(C#N)c(Cl)c1C#N,CID664
COc1ccccc1NCC#N,CID665
COc1cccc(C(O)CC2CCCN2C(C)C)c1,CID666
O=c1ccc(Oc2cccc(Cl)c2)nn1CCO,CID667
COc1cc(N=C(O)N2CCCCC2)cc(OC)c1OC,CID668
CCOC(=O)N(CCC#N)SN(C)C(=O)Oc1cccc2c1OC(C)(C)C2,CID669
Cc1ccc(C(=O)c2ccc(CC(O)=NCCn3cnc4c3c(=O)n(C)c(=O)n4C)n2C)cc1,CID670
CCN(CC)CCCSC1=C(C#N)C(c2ccc(N(C)C)cc2)(c2cccnc2)C(=O)N1,CID671
CCSC(=O)COc1ccc(Cl)cc1C,CID672
CCC(O)(CC)CC(C)(O)c1ccc(Cl)cc1,CID673
Nc1ccc(O)c([N+](=O)[O-])c1,CID674
O=[N+]([O-])c1ccc2c(c1)C(c1ccccc1Cl)=NCC(O)=N2,CID675
COc1c(C(O)CCc2cccc(O)c2)c(OCCN2CCCC2)c(OC)c2occc12,CID676
COc1ccc(C2Cc3ccc(OC)c4occ(c34)CCN2C)c2c1C(=O)/C(=C\c1ccccc1)S2(=O)=O,CID677
N=C(O)N1CCN(CCCN2c3ccccc3Sc3ccc(Cl)cc32)CC1,CID678
CCCOc1ccc(C(c2ccc(OCC)cc2)C(Cl)Cl)cc1,CID679
O=C(c1ccc2c(c1)OCCCO2)c1ccccc1Cl,CID680
O=C1CC(c2ccccc2)C(=O)N1Cc1cccnc1,CID681
COc1ccc(NC(=O)N(C)C(=O)N(C)C)cc1,CID682
CCC(=O)Nc1ccc(S(=O)(=O)c2ccc(NC(=O)C(I)CC)cc2)cc1,CID683
CCCN1CCN(C2=NC(=O)C(c3ccc(F)cc3)S2)CC1,CID684
OC(=NC(c1ccccc1)c1ccccc1)NC(c1ccccc1)c1ccccc1,CID685
CCN(CC)CCN1C(=O)C(c2ccccc2)N=C1O,CID686
OC(=Nc1cncs1)c1ccccc1O,CID687
O=C1/C(=C\c2ccc([N+](=O)[O-])cc2)N=C(c2ccccc2)N1/N=C/c1ccccc1,CID688
CCOC(=O)Oc1c(OC)cc(C(=O)N2CCOCC2)cc1OC,CID689
Cc1cc(C(C)(C)C)c(O)c(C(C)(C)C)c1,CID690
O=c1c(-c2cccc(Cl)c2)cc(-c2ccccc2)nn1Cc1ccncc1,CID691
CCOc1cccc2cc(-c3nn[nH]n3)c(=O)oc12,CID692
Cc1ccc(NC(=N)c2cccnc2)cc1,CID693
CC(C)Oc1ccc2c(=O)c(-c3ccccc3F)coc2c1,CID694
CN(C)CCCN1c2ccccc2CCc2cc(O)ccc21,CID695
Oc1c(CN2CCCC2)cc(Nc2ccnc3cc(Cl)ccc23)cc1CN1CCCC1,CID696
CCn1c(=O)n(-c2ccccc2)c2nc(Cl)ccc21,CID697
O=C(NNS(=O)(=O)c1ccc(Br)cc1)C(=O)Nc1ccccc1C(=O)O,CID698
CCCCCCCCOC(=O)N(C)SN(C)C(=O)Oc1cccc2c1OC(C)(C)C2,CID699
COC1(C)CC(c2ccc(Cl)cc2)c2c(c3ccccc3oc2=O)O1,CID700
COc1ccc(NC(=N)c2cccc3ccccc23)cc1,CID701
C#CCON=C(O)C1=C(C)NC(C)=C(C(=O)OC)C1c1cccc([N+](=O)[O-])c1,CID702
Cc1cc(OCCN2CCCCC2C)n(Cc2ccccc2)n1,CID703
COc1ccccc1C(=O)N1CCCC1=O,CID704
O=C(O)c1cccc(-c2nc(-c3ccc(Cl)cc3)cs2)c1,CID705
COc1cc(OC)c(C(=O)/C=C/C(=O)O)c(OC)c1,CID706
CC(C)(CO)N1CCN(CCN2CCN(c3cccc(C(F)(F)F)c3)CC2)CC1,CID707
CCOc1ccc(N2C(=O)N(CCO)C(=O)C23CCCCC3)cc1,CID708
COc1ccc(/C=N/Nc2ccc(Br)cc2)cc1O,CID709
CCC(Oc1c(I)cc(I)c(N=C(C)O)c1I)C(=O)O,CID710
N=C(c1ccc(Cl)cc1)c1c(O)nc(O)c2c1CCCC2,CID711
COc1cc(C(=O)N2CCCCCCC2)cc(OC)c1OC,CID712
N=C(N)NCCOc1ccccc1Cl,CID713
O=C(O)c1ccc(N=C(O)CI)cc1O,CID714
COc1ccccc1OC,CID715
Cc1ccc(C(N=C(O)NC(c2ccc(C)cc2)c2cccc(F)c2)c2cccc(F)c2)cc1,CID716
CCCCN=C(O)NS(=O)(=O)c1ccc(C)cc1,CID717
Cc1c(N=C(O)[C@@H](N)Cc2ccccc2)c(=O)n(-c2ccccc2)n1C,CID718
C/C=C/C=N/NC(=O)c1ccnc(C)c1,CID719
COc1cccc(CN2CCCC2=O)c1,CID720
O=C1/C(=C\c2ccccc2Cl)N=C(c2ccccc2)N1/N=C/c1ccc(Cl)cc1,CID721
CC(=O)N(C)C(=O)Oc1cccc2c1OC(C)(C)C2,CID722
C=C(C(=O)O[C@@H]1C[C@@H]2CC[C@H](C1)N2C)c1ccccc1,CID723
OC(CF)=Nc1ccc2ccccc2c1,CID724
CCCOCC(CN=C(O)Nc1ccc(F)cc1)N(CC)CC,CID725
N=C(O)OCC(Cl)(Cl)C(O)c1ccc(Cl)cc1,CID726
CCCN(CCC)CCCOc1cc(C)nn1-c1ccccc1,CID727
CC(CN(C)C)C(C)(O)Cc1ccc(Cl)cc1,CID728
CCCCC(Oc1c(I)cc(I)c(N(CCC)C(C)=O)c1I)C(=O)O,CID729
O=[N+]([O-])c1ccccc1N=C(O)CF,CID730
CC(C)[C@@H]1N=C(c2ccccc2)c2cc(Cl)ccc2N=C1O,CID731
Cc1cc(C)cc(C(=O)Cl)c1,CID732
COc1ccccc1,CID733
O=C(Cn1ccnc1)c1ccc(CCc2ccccc2)cc1,CID734
CCC(O)=NNc1ccc([N+](=O)[O-])cc1,CID735
COc1ccccc1CC1(CCC(=O)O)CCCC1=O,CID736
CC(=O)COc1ccc(C(=O)CCl)c2ccccc12,CID737
Cc1cccc(N2CCN(C3CCC(O)=N3)CC2)c1,CID738
CCC1(CC)C(=O)N(c2ccccc2)N=C1O,CID739
CC(=O)CC(c1ccc(Cl)cc1)c1c(O)c2ccccc2oc1=O,CID740
COc1ccccc1CC1CN=C(O)O1,CID741
Clc1ccc(Nc2ccccc2)cc1Cl,CID742
CC(=O)c1ccc(OCC(=O)N2CCCCC2)cc1,CID743
CCC1(c2ccccc2)C(=O)N(C)C(=O)N=C1O,CID744
CCOc1ccc(N2COc3ccccc3C2=O)cc1,CID745
CCOC(=O)C(CC)(C(O)=NCCN(CC)CC)c1ccccc1,CID746
Cc1csc(-c2cc(C(=O)O)ccc2C)n1,CID747
O=[N+]([O-])c1ccc(O)cc1,CID748
Cc1c(N=C(O)C(Cc2ccccc2)N(C)C)c(=O)n(-c2ccccc2)n1C,CID749
CCN=C(O)CN1C(=O)c2ccccc2C1=O,CID750
C=C(C)CN=C(O)Nc1cc(OC)c(OC)c(OC)c1,CID751
O=[N+]([O-])c1ccc(Oc2ccc(Cl)cc2Cl)cc1,CID752
O=C1/C(=C\c2ccc(Cl)cc2)N=C(c2ccccc2)N1/N=C/c1ccccc1,CID753
CCOC(C(=N)N1CCCCCC1)c1ccccc1,CID754
N#Cc1c(Cl)cccc1Cl,CID755
CC(Cl)CCc1ccc(C(=O)O)nc1,CID756
COc1ccc(C(O)C(C)N2CC=C(Cc3ccccc3)CC2)cc1,CID757
CCCN(CCC)CCCOc1cc(C)nn1Cc1ccccc1,CID758
OC(=NC(c1ccccc1)c1ccccc1Cl)NC(c1ccccc1)c1ccccc1Cl,CID759
CCCCCSc1ccc(CC(O)=NO)cc1,CID760
COc1cc(N(Cc2ccccc2)C(=O)N2CCOCC2)cc(OC)c1OC,CID761
O=C(O)c1ccc(CCC(NS(=O)(=O)c2ccc(Cl)cc2)c2cccnc2)cc1,CID762
O=C1c2cccc([N+](=O)[O-])c2C(=O)c2cccc([N+](=O)[O-])c21,CID763
CN(C)c1ccc(C(=O)/C=C/C(=O)O)cc1,CID764
Cc1nc2c(Br)cc(Br)cc2c(=O)n1CCOC(=O)CNc1ccccc1,CID765
CCC(=O)N(c1ccccc1)C(C)C(=O)N1CCCC1,CID766
CC(C)Oc1ccc2c(=O)c(-c3ccccc3)coc2c1,CID767
CC(Cc1cccc(C(F)(F)F)c1)N=C(O)N(C)C,CID768
O=c1oc2ccccc2c(O)c1CCCc1ccc(Cl)cc1,CID769
CCCCSc1ccc(CC(O)=NO)cc1,CID770
Cc1c(Br)cccc1-n1c(C)nc2ccccc2c1=O,CID771
O=C(CBr)Nc1ccc(Nc2ccccc2)cc1,CID772
Nc1ccc(OCCCCCN2C(=O)C=CC2=O)cc1,CID773
CCC1(CC)Oc2cccc(OC(O)=NC)c2O1,CID774
CCC(C)C(CN(C)C)c1ccc(N)cc1,CID775
COc1ccccc1NCCO,CID776
Cc1cc(C(=O)N/N=C/c2ccccc2)ccn1,CID777
O=C(c1cccnc1)N1CCN(c2ccccc2F)CC1,CID778
CC(Nc1ccccc1)C(=O)N1CCCC1,CID779
O=C(O)[C@H](Cc1ccc(N(CCCl)CCCl)cc1)N=CO,CID780
COc1ccc(=O)n(C(CNc2ccccc2)c2ccccc2)n1,CID781
OC(=Nc1ccc(Cl)c(Cl)c1)/N=c1\c[n+](CCc2ccccc2)[n-]o1,CID782
COc1ccc2c(c1)c(CC(=O)OCC(=O)O)c(C)n2C(=O)c1ccc(Cl)cc1,CID783
CCCC1=NN(c2ccccc2)C(=O)C1C=O,CID784
COc1ccc2c(=O)c3ccccc3oc2c1CN1CCCCC1,CID785
CC(C)c1nnc(N=C(O)CCC(=O)Oc2ccccc2)s1,CID786
CCCCCCCCOc1ccc(N(CCO)CCO)cc1OC,CID787
CCN(C)c1cc(=O)c2cc(-c3ccccc3)ccc2o1,CID788
CC(=O)N(CC(=O)N(C)C)c1ccccc1,CID789
Cc1cc(Br)cc(C(=N)O)c1O,CID790
CCOc1ccc(=O)n(C(CCl)c2ccccc2)n1,CID791
CCC(C)C(CN(C)C)c1ccc(Cl)cc1,CID792
O=C(NNc1ccccc1)c1ccc(Br)cc1,CID793
CCN(SN(C)C(=O)Oc1cccc(C(C)C)c1)C(=O)OC(C)C,CID794
CC(C)c1nnc(N=C(O)CCC(=O)Oc2ccc(Cl)cc2)s1,CID795
CC(NN=C(O)c1ccccc1)c1ccccc1,CID796
O=C(c1ccccc1)C(CCCN1CCCCC1)c1ccccc1,CID797
COc1ccc(C(CCN(C)C(C)COc2ccccc2)c2nccc3cc(OC)c(OC)cc23)cc1OC,CID798
CCN(C)c1cc(=O)c2cccc(-c3ccccc3)c2o1,CID799
CC(C)(C)C(O)=NNCc1ccccc1,CID800
C(=C/c1ccccc1)\c1ccccc1,CID801
O=C(O)CCC(=O)O[C@H](c1ccc([N+](=O)[O-])cc1)[C@@H](CO)N=C(O)C(Cl)Cl,CID802
C=CCN=C(Nc1ccc(OCCN(C(C)C)C(C)C)cc1)c1ccccc1,CID803
O=C(CCCN1CCOCC1)c1ccccc1,CID804
O=C(Oc1c(Cl)c(Cl)c(Cl)c(Cl)c1Cl)c1ccc(Cl)cc1,CID805
NN=C(O)C(CC(O)c1ccc(Cl)cc1)CN1CCCCC1,CID806
COc1c(C(O)CCc2cccc(O)c2)c(OCCN2CCCCC2)c(OC)c2occc12,CID807
CN(C)C(=O)C(c1ccccc1)c1ccccc1,CID808
CC(O)CCC1C(=O)N(c2ccccc2)N(c2ccccc2)C1=O,CID809
O=C(c1ccc(Nc2ccnc3cc(C(F)(F)F)ccc23)cc1)N1CC=C(c2ccc(Cl)cc2)CC1,CID810
O=C(CN1CCCCC1)OCC(N=C(O)C(Cl)Cl)C(O)c1ccc([N+](=O)[O-])cc1,CID811
CC(C)NNC(=O)c1ccc(Cl)cc1,CID812
O=C(NNc1ccccc1)c1ccc(F)cc1,CID813
Cc1cc(C)cc(C(O)=NCc2cccnc2)c1,CID814
O=C(O)c1ccc(Oc2ccccc2Cl)cn1,CID815
CCN(CC)Cc1ccc2oc(-c3ccccc3)c(C)c(=O)c2c1,CID816
CN1CCC(Cc2ccccc2)(Oc2ccc([N+](=O)[O-])cc2)CC1,CID817
O=C1/C(=C\c2ccccc2Cl)N=C(c2ccccc2)N1/N=C/c1ccc([N+](=O)[O-])cc1,CID818
CC(=O)OC1C(O)=NC(=NN=C(O)c2ccccc2)N=C1O,CID819
CCC1(CC)C(=O)N(C)N(c2ccccc2)C1=O,CID820
COc1ccccc1-c1cc(N2CCN(Cc3ccc(C)cc3)CC2)n2ccc(=O)ccc12,CID821
CC(=O)c1ccc(O)cc1,CID822
CCCCOSN(C)C(=O)Oc1cccc(C(C)C)c1,CID823
COc1cc(OC)c(C(=O)CCN2CCC(C)CC2)c(OC)c1,CID824
Cc1ccc(-c2c(O)c3ccccc3oc2=O)cc1C,CID825
CNc1ccc(OCCCCCc2ccccc2)c(OC)c1,CID826
CC1(C)[C@H](C=C(Cl)Cl)[C@H]1C(=O)OCc1cccc(Oc2ccccc2)c1,CID827
CC(C)CN=C(Nc1ccc(OCCN(C(C)C)C(C)C)cc1)c1ccccc1,CID828
CC(C)OC(=O)C(C)(C)Oc1ccc(C(=O)c2ccc(Cl)cc2)cc1,CID829
COc1ccc(C(=O)N(O)CN2CCC(C)CC2)cc1,CID830
O=C(O)COC(COc1ccccc1CCc1ccccc1)CN1CCCC1,CID831
O=C=Nc1cccc(C(F)(F)F)c1,CID832
CCCCCCNC(=N)C(OCC)c1ccccc1,CID833
CCC1COCCN1C(=O)/C=C/c1cc(OC)c(OC)c(OC)c1,CID834
CCN(CC)CCc1c(C)n(C)n(-c2ccccc2)c1=O,CID835
CO[C@@H]1[C@@H](OC(=O)c2ccc(C)[nH]2)[C@@H](O)[C@H](Oc2ccc3c(O)c(NC(=O)c4ccc(O)c(CC=C(C)C)c4)c(=O)oc3c2Cl)OC1(C)C,CID836
CCOc1ccc(Cl)cc1C(CN(C)C)C(C)CC,CID837
C=C(C)CNc1ccc(C(C)C(=O)O)cc1Cl,CID838
Cc1cccc(-c2c(O)c3ccccc3oc2=O)c1,CID839
Cc1ccc(NC(S)=NN=C(O)Cn2c(C)nc3c(Cl)cc(Cl)cc3c2=O)cc1,CID840
CCC(=O)N(c1ccccc1)[C@@H]1CCN(CCCC(=O)c2ccc(F)cc2)[C@H]2CCCC[C@@H]21,CID841
CN=C(O)Oc1cc(C)c(Cl)c(C)c1,CID842
O=C(CCl)c1ccccc1,CID843
CCCCN=C(O)CN1C(=O)c2ccccc2C1=O,CID844
CC(C)CNc1ccc(C(C)C(=O)O)cc1,CID845
CC(NN=C(O)OC(C)(C)C)c1ccccc1,CID846
Nc1ccc(Oc2ccc(N)cc2)cc1,CID847
O=C(O)/C=C/c1ccc(O)cc1,CID848
Nc1ccc(Oc2ccccc2)nc1,CID849
COc1ccc(O)c(C(C)(C)C)c1,CID850
CCOC(=O)C1=C(C)NC(C)=C(C(=O)OCC2CC2)C1c1cccc([N+](=O)[O-])c1,CID851
CC(=O)N1O[C@@H](C)C(S)=N[C@H]1c1ccccc1C,CID852
Cc1ccc(C)n1-c1cccc(C(=O)O)c1,CID853
CCCOc1c(I)cc(I)c(N(C)C(=O)CCC(=O)O)c1I,CID854
COc1ccc(C(=O)CCN2CCCCC2C)c(OC)c1,CID855
CCC(=O)N(CC(=O)N(CC)CC)c1ccccc1,CID856
CCOC(C(=N)NCc1ccccc1)c1ccccc1,CID857
CCOC(=O)CC(=O)N1CCSC1COc1ccccc1OC,CID858
CCC(C)C(CN(C)C)c1cc(Cl)ccc1OC,CID859
CC(Cc1cccc(C(F)(F)F)c1)NCC(=O)O,CID860
O=C(O)/C=C/C(=O)c1ccc(Cl)cc1,CID861
CCC(=O)COc1ccc(C(=O)COC)c2ccccc12,CID862
CCc1cccc(CC)c1-c1c(O)c2ccccc2oc1=O,CID863
CCC(C)(CO)Oc1ccc(Cc2ccc(Cl)cc2)cc1,CID864
O=C(NNCCC(O)=NCc1ccccc1)c1ccncc1,CID865
CN(C)C(=O)CCCOC(=O)C(C)(C)Oc1ccc(Cl)cc1,CID866
CCN=C(O)N=C(O)c1cc(OC)c(OC)c(OC)c1,CID867
COc1cc(/C=C/C(=O)O)ccc1OCCO,CID868
Cc1cc(O)cc(O)c1,CID869
CN(C)c1cccc(C(=O)N2CCCCC2)c1,CID870
Cc1cccc(C)c1N=C(O)N(C)C(=O)N(C)C,CID871
CC(O)=NNCCCc1ccccc1,CID872
Cc1cccc(OCCNC(=N)N)c1,CID873
Cc1cccc(C)c1N=C(O)Cn1cccn1,CID874
Oc1ccc(Cl)cc1,CID875
N=C(O)NCCc1ccccc1,CID876
CC(O)=Nc1ccc(OC(=O)OC(C)C)cc1,CID877
CN1CCN(CC(=O)N(C)c2ccc(Cl)cc2C(=O)c2ccccc2)CC1,CID878
CCc1cccc(C)c1N,CID879
COc1ccccc1OCC(COC(=O)c1cccnc1)OC(=O)c1cccnc1,CID880
COc1ccc(=O)n(C(CNc2ccc(Cl)cc2)c2ccccc2)n1,CID881
CCCCOc1ccc(/C=C/C(O)=NO)cc1Br,CID882
CCCCOCN(C(=O)CCl)c1c(CC)cccc1CC,CID883
CCOC(=O)Oc1ccc(C(CNS(=O)(=O)c2ccc(Cl)cc2)Cc2cccnc2)cc1,CID884
CN(C)c1ccc(NC(=O)CCCN2CCN(C(c3ccccc3)c3ccccc3)CC2)cc1,CID885
Cc1ccc(C(=O)OCCn2nc(Oc3ccc(Cl)cc3)ccc2=O)cc1,CID886
CCN(C(C)=O)c1c(I)cc(I)c(OC(C(=O)O)c2ccccc2)c1I,CID887
COc1ccccc1/C=N/NC(=O)c1ccncc1,CID888
CC(C(=O)O)c1ccc(N2CCCCC2)c(Cl)c1,CID889
CCc1cccc(CC)c1N=C(O)Cn1nc(C)c(I)c1C,CID890
CC(C)(C)c1ccc(C(=O)CCC2C(=O)N(c3ccccc3)N(c3ccccc3)C2=O)cc1,CID891
CCOc1ccc(Nc2ccc(NC(=O)CBr)cc2)cc1,CID892
CC1=CC(=O)C(C)=CC1=O,CID893
Cc1ccccc1N=C(O)Cn1nc(C)c([N+](=O)[O-])c1C,CID894
Cc1ccc(N=C(O)/N=c2\c[n+](C(C)Cc3ccccc3)[n-]o2)cc1Cl,CID895
CCCCCOc1ccccc1,CID896
CCCCCCCCOC(=O)C1=C(C)NC(C)=C(C(O)=NC2CC2)C1c1ccccc1[N+](=O)[O-],CID897
CCN=C(O)/C(C)=C(/C)c1ccccc1,CID898
Cc1cc(Cl)ccc1-n1c(C)nc2ccccc2c1=O,CID899
Cc1cc(Cl)ccc1/N=C/N(C)SN(C)C(=O)Oc1cccc(C(C)C)c1,CID900
CCc1cccc(CC)c1N=C(O)Cn1cccn1,CID901
CN=C(O)Oc1ccccc1C(C)C,CID902
Cc1cc(O)c2ccccc2c1O,CID903
CC(O)=Nc1ccc(CC(=O)O)cc1,CID904
CC1CCN(CC(COc2ccccc2CCc2ccccc2)OC(=O)C2CCCC2C(=O)O)CC1,CID905
CCCOCCOC(=O)C1=C(C)NC(C)=C(C(=O)OCCOCCC)C1c1cccc([N+](=O)[O-])c1,CID906
O=C(OCCOCCO)c1ccccc1Nc1cccc(C(F)(F)F)c1,CID907
CCCCOCc1ccc(-c2ccccc2Cl)cc1,CID908
CCOC(=O)C1=C(C)NC(C)=C(C(=O)OC)C1c1cccc([N+](=O)[O-])c1,CID909
COc1ccccc1CCC(C)(C)NCC(O)c1ccc(O)cc1,CID910
Cc1cc(Cl)ccc1OCC(=O)O,CID911
CC(Cc1cccc(C(F)(F)F)c1)NCCOC(=O)c1cccc2ccccc12,CID912
CCN(CC)CC(O)=NNC(=O)C(=O)c1ccccc1N=C(O)c1ccccc1,CID913
CCN1CCCC1CN=C(O)c1cc(Cl)cc(Cl)c1OCc1ccccc1,CID914
CC(C)(C)c1ccc(C(=O)O)cc1,CID915
CCCNc1ccc(C(C)C(=O)O)cc1,CID916
Cc1ccc(Nc2ccc(NC(=O)CCl)cc2)cc1,CID917
CCCOCCN(C(=O)CCl)c1c(CC)cccc1CC,CID918
Oc1cccc(O)c1,CID919
N=C(O)OCCCc1ccccc1Cl,CID920
CC(C)(Oc1ccc(Cc2ccc(Cl)cc2)cc1)C(=O)O,CID921
CC(Oc1ccc(Cc2ccc(Cl)cc2)cc1)C(=O)O,CID922
CCCCC(=O)COc1ccc(C(C)=O)c2ccccc12,CID923
CCCCN=C(O)c1cc(OC)c(OC)c(OC)c1,CID924
Cc1cc(C)n(CC(O)=Nc2ccccc2C)n1,CID925
CCCC(=O)COc1ccc(C(C)=O)c2ccccc12,CID926
CCN(CC)CCN=C(O)CCN(C(=O)c1ccccc1)c1cccc(Cl)c1,CID927
CCCCOc1ccc(C(=O)Oc2ccc(C(C)=O)cc2)nc1,CID928
CCc1cccc(CC)c1N=C(O)Cn1nc(C)cc1C,CID929
CN=C(O)Oc1cccc(C)c1,CID930
CCCCc1ccc(C(=O)c2ccccc2F)cc1,CID931
CCN(CC)CCOC(=O)C(c1ccccc1)c1ccccc1,CID932
Nc1cccc(O)c1,CID933
CCN=C(O)NCc1cccc(Cl)c1,CID934
CC(=O)N(C)c1c(I)cc(I)c(OC(C(=O)O)c2cccc(C)c2)c1I,CID935
CCC(Cc1cccc(N=C(O)c2c(I)cc(I)c(N(C)C(C)=O)c2I)c1)C(=O)O,CID936
O=C(OCc1ccc(-c2ccccc2Cl)cc1)c1cccnc1,CID937
N=C(O)/C=C/c1ccccc1,CID938
CCC(=O)N(c1ccccc1)C1CCN(CCc2ccccc2)CC1,CID939
CC(=O)c1ccccc1,CID940
CC(Cc1ccccc1)OC(=N)O,CID941
CCN(CC)CCOc1ccc(C(C)=O)cc1,CID942
Cc1ccc(NC(=N)c2ccccc2Cl)cc1,CID943
CCCCCOc1ccc(/C=C/C(O)=NO)cc1OC,CID944
CC(=O)c1ccccc1OCCN1CCCCC1,CID945
O=C(OCc1ccc(OCc2ccc(Cl)cc2)cc1)c1cccnc1,CID946
CC1CCN(CC(COc2ccccc2CCc2ccccc2)OCC(=O)O)CC1,CID947
CCC(C)(Oc1ccc(Cc2ccc(Cl)cc2)cc1)C(=O)OCCN=C(C)O,CID948
CCN(CC)CCOC(=O)c1ccc(N)cc1,CID949
CCCC(=O)c1ccc(N)cc1,CID950
COc1ccc(/C=C/CCCCOc2cccc(OCCCCC(=O)N(C)C)c2CCC(=O)O)cc1,CID951
O=C(Oc1ccccc1)c1ccccc1,CID952
CCCCCOc1ccc(/C=C/C(O)=NO)cc1,CID953
CCCCOc1ccc(/C=C/C(O)=NO)cc1C,CID954
CCCCOC(=O)COC(=O)c1ccccc1C(=O)OCCCC,CID955
Nc1ccccc1O,CID956
N=C(O)c1ccccc1O,CID957
Cc1ccccc1OCC(O)COC(=N)O,CID958
CC(=O)Oc1ccccc1C(=O)Oc1ccc(N=C(C)O)cc1,CID959
CC(O)=Nc1c(I)cc(I)c(OC(C(=O)O)c2cccc(C)c2)c1I,CID960
CC(Cc1cccc(C(F)(F)F)c1)NCCOC(=O)COc1ccc(Cl)cc1,CID961
Cc1ccc(C(=O)Cc2ccccc2C(=O)O)cc1C,CID962
COc1ccc(C(C)=O)cc1C,CID963
CCCC(CCC)C(=O)Oc1ccccc1C(=O)O,CID964
CC(=O)c1ccc(OCCC(C)O)c2ccccc12,CID965
Cc1ccc(C(=O)c2cccc(OC(C)C(=O)O)c2)c(C)c1,CID966
CCCc1ccc(O)cc1,CID967
Oc1ccccc1,CID968
CCCCCOc1ccc(CC(O)=NO)cc1Cl,CID969
O=C(OCc1ccccc1)c1ccccc1,CID970
CCN(CC)C(=O)c1cccc(C)c1,CID971
CCCCCC(=O)Oc1ccccc1C(=O)O,CID972
CCOc1cccc(N2CCN(C(=O)c3cccnc3)CC2)c1,CID973
O=C(O)c1ccccc1Nc1cccc(Cl)c1CO,CID974
CC(O)=Nc1ccccc1C(=O)O,CID975
Cc1ccc(C(=O)O)cc1,CID976
Cc1c(OC(C)C(=O)O)cccc1C(=O)c1ccc(Cl)cc1Cl,CID977
CCCCOc1ccc(NCC(=O)O)cc1,CID978
CCOC(=O)c1ccc(-c2ccccc2Cl)cc1,CID979
CCCOc1c(CC(O)=NN)cccc1OC,CID980
CCCCOc1c(CC(O)=NN)cccc1OC,CID981
Cc1c(Cl)cccc1Nc1ncccc1C(=O)O,CID982
CCOC(=O)Cc1ccc(-c2ccccc2)cc1,CID983
CCCCOc1ccc(C(=O)CCN2CCN(c3ccccc3)CC2)cc1,CID984
CCCCCCCCOC(=O)c1ccccc1C(=O)OCCCCCCCC,CID985
Cc1cccc(C)c1O,CID986
CCCCNc1ccccc1C(=O)O,CID987
CCN(CC)CCOc1ccccc1C(O)=Nc1ccccc1,CID988
CCCCOC(=O)c1ccccc1C(=O)OCc1ccccc1,CID989
Cc1cccc(C(=O)O)c1O,CID990
CCN(CC)CCOc1ccc(Cl)cc1C(O)=Nc1ccccc1,CID991
CCCCOc1c(C)cccc1C(=N)O,CID992
CC(C)NS(=O)(=O)N=[N+]=[N-],CID993
CCCC1(CC)COS(=O)OC1,CID994
C=CCc1ccc2c(c1)OCO2,CID995
CN(N=O)c1nc(-c2ccc([N+](=O)[O-])o2)n[nH]1,CID996
Clc1cc2c(c(Cl)c1Cl)Oc1cc(Cl)c(Cl)c(Cl)c1O2,CID997
O=C(O)CN(CC(=O)O)CC(=O)O,CID998
O=P(Oc1ccccc1)(Oc1ccccc1)Oc1ccccc1,CID999
ClC(Cl)(Cl)C(c1ccc(I)cc1)c1ccc(I)cc1,CID1000
CC(C)C(C)/C=C/[C@@H](C)[C@H]1CC[C@H]2/C(=C/C=C3\C[C@@H](O)CC[C@@H]3C)CCC[C@@]21C,CID1001
Clc1ccc2c(c1)C(c1ccccc1)=NCc1nncn1-2,CID1002
NCCNCCO,CID1003
CN1C(=O)C2(CCCCC2)N=C1O,CID1004
CCSC(=S)N(C)C,CID1005
Fc1ccc2c(c1)[C@H]1OCCN[C@@H]1CCC2,CID1006
O=C1CC(c2ccccc2)c2ccccc21,CID1007
CN(c1c(F)cc(F)cc1Br)c1c([N+](=O)[O-])cc([N+](=O)[O-])cc1C(F)(F)F,CID1008
CC(C)OCC1CO1,CID1009
CN1CCN(C2=Cc3ccccc3Oc3ccc(F)cc32)CC1,CID1010
CC1=C[C@H]2OC3C[C@H]4OC(=O)/C=C\C=C/C(C(C)O)OCC[C@@H](C)[C@H](O)C(=O)OC[C@@]2(CC1)C4(C)[C@@]31CO1,CID1011
Cc1cnc([N+](=O)[O-])n1C,CID1012
C=CCN1C(=O)C2(CCCCCC2)N=C1O,CID1013
CN1C[C@@H]2CC[C@H](C1)N2C(=O)C(C)(C)C,CID1014
CSCCn1cnc2c1c(=O)n(C)c(=O)n2C,CID1015
Oc1nc(=S)oc2c(Br)cc(Br)cc12,CID1016
Oc1c(Cl)c(O)c(Cl)c(Cl)c1Cl,CID1017
Cc1ncc([N+](=O)[O-])n1CC#N,CID1018
OCCCCO,CID1019
CNS(=O)(=O)c1ccc(OP(=S)(OC)OC)cc1,CID1020
CCC1(CCC(C)C)C(O)=NC(=O)N=C1O,CID1021
CCOP(=S)(Oc1ccc(S(=O)(=O)N(C)C)cc1)N(C)C,CID1022
CCCOP(=S)(OCCC)SCCSC,CID1023
C=C1/C(=C\C=C2/CCC[C@@]3(C)[C@H]2CC[C@@H]3[C@H](C)CC[C@@H](O)C(C)C)C[C@@H](O)C[C@@H]1O,CID1024
CCN=c1nc(Cl)[nH]c(=NC(C)C)[nH]1,CID1025
CC1(C)O[C@@H]2C[C@H]3[C@@H]4CCC5=CC(=O)C=C[C@]5(C)[C@H]4[C@@H](O)C[C@]3(C)[C@]2(C(=O)CO)O1,CID1026
CN(c1ccc(Br)c(Br)c1)c1c([N+](=O)[O-])cc([N+](=O)[O-])cc1C(F)(F)F,CID1027
CN1CCC2=C(C1)C(c1ccccc1)c1ccccc12,CID1028
Cc1c(=O)o[n-][n+]1-c1ccccc1,CID1029
COP(=S)(Oc1cc(Cl)c(Cl)cc1Cl)c1ccccc1,CID1030
N=c1[nH]nc(-c2ccccc2)o1,CID1031
CN(C)CCCO[C@H]1[C@@H]([C@H]2COC(C)(C)O2)O[C@@H]2OC(C)(C)O[C@H]12,CID1032
Cc1nc(I)c([N+](=O)[O-])n1CC(O)CCl,CID1033
C[C@]12CC[C@H](OC=O)C[C@H]1CC[C@@H]1[C@@H]2C[C@@H](OC=O)[C@]2(C)[C@@H](C3=CC(=O)OC3)CC[C@]12O,CID1034
N=C(O)NC1=NCCCCC1,CID1035
CC(C)NCCc1nc(CCn2cnc3c2c(=O)n(C)c(=O)n3C)no1,CID1036
CO[P@](=S)(Oc1cc(Cl)ccc1Cl)c1ccccc1,CID1037
C/C=C/CSC(C)(C)C(O)=NC,CID1038
N=C(S)C(c1ccc(Cl)cc1)c1cccnn1,CID1039
CCN=c1[nH]nc(-c2ccc([N+](=O)[O-])o2)[nH]1,CID1040
CN(C)CCCn1c2ccccc2c(=NNC2=NCCS2)c2ccccc21,CID1041
COc1cc([C@@H]2c3cc4c(cc3[C@H](O[C@@H]3O[C@@H]5COC(c6cccs6)O[C@H]5[C@H](O)[C@H]3O)[C@H]3COC(=O)[C@H]23)OCO4)cc(OC)c1OC,CID1042
COP(=S)(OC)Oc1cccc(S(=O)(=O)N(C)C)c1,CID1043
CCCCOC(=O)N1CCC=C(/C=N/OC)C1,CID1044
O=S(=O)(Cl)c1ccccc1Cl,CID1045
CC1CNc2ccccc2-n2c(-c3ccccc3)nnc21,CID1046
COc1ccc(C(c2ccc(OC)cc2)C(Cl)(Cl)Cl)cc1,CID1047
COC(=O)C1(n2ccnc2)c2ccccc2-c2ccc(Cl)cc21,CID1048
CSc1c(N2CCN(C)CC2)nc(=NC(C)C)[nH]c1Cl,CID1049
CCNS(=O)(=O)c1ccc(OP(=S)(OC)OC)cc1,CID1050
CNc1ccc2c(c1)CC1CC(O)=NN=C21,CID1051
CC[C@H]1OC(=O)[C@H](C)[C@@H](O[C@H]2C[C@@](C)(OC)[C@@H](O)[C@H](C)O2)[C@H](C)C(O[C@@H]2O[C@H](C)C[C@H](N(C)C)[C@H]2O)[C@](C)(O)C[C@](C)(F)C(=O)[C@H](C)[C@@H](O)[C@]1(C)O,CID1052
CCC/C=C(\C)C1(C)C(O)=NC(=O)N=C1O,CID1053
CN1CC[C@]23c4c5ccc(O)c4O[C@H]2[C@H](N=[N+]=[N-])CC[C@@]3(O)[C@H]1C5,CID1054
O=C1OCc2ccccc2N1c1ccccc1,CID1055
C=CC(O)=NC,CID1056
C=CCOC(=O)CCCCC(=O)OCC=C,CID1057
CCCCCCC(C)O,CID1058
CCN(CC)CCOC(=O)N1CCN(C)CC1,CID1059
N=C(S)Cc1ccncc1,CID1060
O=c1c2ccccc2cc(N2CCN(CC3CC3)CC2)c2ccccc12,CID1061
CC(=O)Oc1c(I)cc(I)cc1C(OC(C)=O)OC(C)=O,CID1062
COCN(C)C1=Nc2ccc(Cl)cc2C(c2ccccc2)=[N+]([O-])C1,CID1063
CC[C@H]1OC(=O)[C@H](C)[C@@H](O[C@H]2C[C@@](C)(OC)[C@@H](O)[C@H](C)O2)[C@H](C)[C@@H](O[C@@H]2O[C@H](C)C[C@H](N(C)C)[C@H]2O)[C@](C)(O)C[C@@H](C)/C(=N/OCOCCOC)[C@H](C)[C@@H](O)[C@]1(C)O,CID1064
CCCCSS(=O)N(C)C(=O)O/N=C(\C)SC,CID1065
Clc1ccc(Cc2csc(N3CCNCC3)n2)cc1Cl,CID1066
CCOC(=O)C(C(=O)OCC)=C1SCC(OC(=O)CCl)S1,CID1067
Cn1c(C(C)(C)OC(O)=NN)cnc1[N+](=O)[O-],CID1068
CCCCCCCCCCCCCCCC(=O)OCC(=O)[C@@]1(O)[C@H](C)C[C@H]2[C@@H]3CCC4=CC(=O)C=C[C@]4(C)[C@@]3(F)[C@@H](O)C[C@@]21C,CID1069
Clc1ccc(C(c2cccc(Cl)c2)C(Cl)(Cl)Cl)cc1,CID1070
COc1c2ccoc2cc2oc(=O)c(C(c3ccccc3)c3c(O)c4c(OC)c5ccoc5cc4oc3=O)c(O)c12,CID1071
Cc1ccc2c(c1)[C@H]1OCCN[C@@H]1CCC2,CID1072
CN(C)c1cc(=O)c2ccc3ccccc3c2o1,CID1073
CN(C)CC/C=C1\c2ccccc2CCc2sccc21,CID1074
CC(=O)OC[C@]12C[C@H](OC(=O)CC(C)C)C(C)=C[C@H]1O[C@@H]1[C@H](O)[C@@H](OC(C)=O)[C@@]2(C)[C@]12CO2,CID1075
CCCSC(C)(C)C(=N)O,CID1076
CCOP(=S)(OCC)SCCC(O)=NC,CID1077
CN1CCN(C2c3ccccc3CCc3ncccc32)CC1,CID1078
C=CC[C@]1(C[C@@H](C)O)C(=O)N(C)C(=O)N=C1O,CID1079
CN1CCN(C2=Nc3ccccc3Nc3ccc(Cl)cc32)CC1,CID1080
Cc1ccc(CNC(=N)CSS(=O)(=O)O)cc1C,CID1081
N#Cc1c(NC2CCCCC2)cc[nH]c1=N,CID1082
CC(C)Cn1cnc2nc(O)n(C)c(=O)c21,CID1083
Cc1cc(OP(C)(C)=S)ccc1[N+](=O)[O-],CID1084
CC[C@]12CCCN3CCc4c(n(c5ccccc45)C(/C=N/O)C1)[C@@H]32,CID1085
N=C1NCC(CN2CCN(c3cccc(C(F)(F)F)c3)CC2)O1,CID1086
C=CCn1c(=O)oc2ccccc21,CID1087
CO[C@@H]1[C@@H](O[C@@H]2O[C@H](C)[C@@H](O[C@H]3C[C@@](C)(O)[C@@H](OC(=O)CC(C)C)[C@H](C)O3)[C@H](N(C)C)[C@H]2O)[C@@H](CC=O)C[C@@H](C)C(=O)/C=C/[C@@H]2O[C@H]2C[C@@H](C)OC(=O)C[C@H]1OC(C)=O,CID1088
CN(C)n1c(O)nc2ccc(Cl)cc2c1=O,CID1089
CC1(C)[C@@H]2CC[C@@]1(C)CN(C(O)=NS(=O)(=O)c1ccc(Br)cc1)C2,CID1090
Cc1cc(N(C)C)c(C#N)c(=N)[nH]1,CID1091
Nc1c(C(=O)N2CCN(c3ncccn3)CC2)nnc2cc(F)ccc12,CID1092
OCc1ccc(C2CCCCC2)cc1,CID1093
CCC/C(Cl)=N\OC(=O)CCl,CID1094
Cc1ccc(-[n+]2[n-]oc(=O)c2C)cc1,CID1095
Cc1cc2nc([N+](=O)[O-])n(C)c2cc1C,CID1096
CO/N=C/C1=CCCN(OC(C)=O)C1,CID1097
CC(CN(C)C)CN1c2ccccc2Sc2cccnc21,CID1098
CN1CCN(C2Cc3cc(Cl)ccc3Sc3ccccc32)CC1,CID1099
Cc1cc(=NC(=Nc2ccccc2)NC2CCCCC2)c2ccccc2[nH]1,CID1100
CCN(CC)CCOC(=O)c1c(C)nsc1Cl,CID1101
CS(=O)(=O)CCN1C(=O)CN=C(c2ccccc2F)c2cc(Cl)ccc21,CID1102
CC(=O)CCCO,CID1103
CCOC(=O)CSP(=S)(OCC)OCC,CID1104
CC(C)NCC(O)COc1ccc(COCC2CC2)cc1,CID1105
CC(CNC12CC3CC(CC(C3)C1)C2)N1CCN(c2ccccn2)CC1,CID1106
O=C(CCCCCN1CCCC1)N1c2ccccc2C(O)=Nc2cccnc21,CID1107
Cc1c(O)nc(N2CCN(C)CC2)nc1O,CID1108
OC(CCN1CCCCC1)(c1ccccc1)C1C[C@@H]2C=C[C@H]1C2,CID1109
CCCN1CCN(C2=Cc3ccccc3Oc3ccccc32)CC1,CID1110
CC(C)(C)C(O)(CCc1ccc(Cl)cc1)Cn1cncn1,CID1111
CN=C(O)N1N=C(c2ccc(NC(=O)CN)cc2)c2cc3c(cc2CC1C)OCO3,CID1112
O=C(CCc1cc2c(s1)-n1c(CBr)nnc1CN=C2c1ccccc1Cl)N1CCOCC1,CID1113
O=C(CCc1cc2c(s1)-n1c(CCl)nnc1CN=C2c1ccccc1Cl)N1CCOCC1,CID1114
COc1ccc(C2Cc3ccc(OC)c4occ(c34)CCN2C)c2c1C(Nc1ccccc1)=CS2(=O)=O,CID1115
Cc1cc(=O)oc2cc(O)ccc12,CID1116
COP(=S)(OC)Oc1c(Cl)cc(C)cc1Cl,CID1117
N=C1CC(=O)N=C2SC(c3ccccc3)=NN12,CID1118
CCCCOC(=O)c1ccco1,CID1119
CN(C)CC1CCCCC1(O)c1ccccc1,CID1120
CN1C(=O)CN(C[C@@H]2C[C@H]3c4cccc5[nH]cc(c45)C[C@@H]3N(C)C2)CC1=O,CID1121
O=c1ccc(Oc2cccc(C(F)(F)F)c2)nn1CCO,CID1122
COc1ccc(N2CC(COC(=N)O)OC2=O)cc1,CID1123
CN1C(=O)CCC1N1CCN(c2ccccc2)CC1,CID1124
FC(F)(F)c1cccc(-n2nc(OCCN3CCCCC3)c3ccccc32)c1,CID1125
Cc1cc(N(C)C)c(C#N)c(N2CCCCC2)n1,CID1126
CCn1c(O)c(C(C)=N)c2c(c1=O)CCCC2,CID1127
Oc1ccc(CC2NCCc3cc(O)c(O)cc32)cc1,CID1128
Cn1ncc2c(=O)oc(-c3ccccc3[N+](=O)[O-])nc21,CID1129
CC(=O)[C@H]1CC(=O)O[C@@H]1c1ccc(Cl)cc1,CID1130
CCC(=O)N(CC)c1c(I)cc(I)c(OC(CC)C(=O)O)c1I,CID1131
CCCCOc1ccc(OP(=S)(OCC)OCC)nn1,CID1132
O=C1N(CN2CCCCC2)C(O)=NC12CCN(CCc1ccccc1)CC2,CID1133
O=C1Cc2ccccc2CN1NC(O)=Nc1ccccc1,CID1134
N=C(O)OCC1CN(c2ccccc2)C(=O)O1,CID1135
CS/C(=N/OC(=O)N(C)SN(C)/C=N/c1ccc(C)cc1C)C(=O)N(C)C,CID1136
C=CCC(CCN(CC)CC)(C(=O)OCC)c1ccccc1,CID1137
O=C(O)CCC1(Cc2ccccc2)CCCC1=O,CID1138
CCc1c(O)nc(N2CCN(C)CC2)nc1O,CID1139
COc1ccc(Oc2ccc(C(=O)O)nc2)cc1,CID1140
CC(=O)N1NC(c2ccccc2)=Nc2cnccc21,CID1141
CN(C)CC(O)c1cc(Cl)c(N)c(Cl)c1,CID1142
Cc1c(-c2ccccc2)c(=O)n(-c2cccc(Cl)n2)n1C,CID1143
O=c1c2ccccc2nc(-c2ccccc2)n1-c1ccc(S(=O)(=O)NC(O)=Nc2ccccc2)cc1,CID1144
COC(=O)N(C)SN(C)C(=O)Oc1cccc2c1OC(C)(C)C2,CID1145
CC(=O)COc1ccc2c(c1)CCCC2,CID1146
CC(=O)c1ccc(OCC(=O)N2CCCC2)cc1,CID1147
Cn1c(=O)oc2cc(Cc3ccccc3)ccc21,CID1148
CC(C)c1cc(C(O)=NN)ccn1,CID1149
CC(CN1CCCCCC1)N1CCN(c2ccccn2)CC1,CID1150
CN1C(=O)C(O)N=C(c2ccccc2Cl)c2cc(Cl)ccc21,CID1151
CN=C(O)Oc1cc(C)c(SC)c(C)c1,CID1152
CCC(O)=NC(C)Cc1ccc2c(c1)OCO2,CID1153
CCN(CC)CCOCCOC(=O)C(CC)(CC)c1ccccc1,CID1154
CC[C@]12CCCN3CCc4c(n(c5ccccc45)[C@@H](C(=N)O)C1)[C@@H]32,CID1155
CC(C)N=C(O)N1CC(c2ccc(Cl)cc2)OC1=O,CID1156
Cc1csc(-c2ccc(Cl)c(C(=O)O)c2)n1,CID1157
Cc1c(N(C)C)c(=O)n(-c2ccccc2)n1C,CID1158
CN(SN(CCC#N)C1CCCCC1)C(=O)Oc1cccc2c1OC(C)(C)C2,CID1159
Nc1ccc(Cc2ccc(N)c(Cl)c2)cc1Cl,CID1160
COc1ccc(/C=C/C(=O)c2c(OCCN(C)C)c(OC)c3occc3c2OC)cc1,CID1161
CN=C(O)CCCN1C(=O)c2ccccc2C1=O,CID1162
COc1cccc(CCOc2ncnc3ccccc23)c1,CID1163
COc1cccc(C2(O)CCCCC2CN(C)C)c1,CID1164
CS/C(=N/OC(=O)N(C)SN(C)/C=N/c1ccc(Cl)cc1C)C(=O)N(C)C,CID1165
O=C(CCCN1CCC2(CC1)C(O)=NCN2c1ccccc1)c1ccc(F)cc1,CID1166
CC1(C)OCC(COC2N=C(c3ccccc3)c3cc(Cl)ccc3N=C2O)O1,CID1167
C[C@@H](O)[C@@H]1N=C(c2ccccc2)c2cc(Cl)ccc2N=C1O,CID1168
CC/C(C)=N/NC(=O)c1ccnc(C)c1,CID1169
C/C(=N\OCC(O)=NCCN1CCOCC1)c1ccccc1,CID1170
C=CCN(CC=C)c1c(C)cc(OC(O)=NC)cc1C,CID1171
CCc1cc(C(O)=NNC(C)C)ccn1,CID1172
OCc1ccccc1,CID1173
CCOC(=O)c1cnn(-c2ccccc2)c1-n1c(CC)nc2ccccc2c1=O,CID1174
CC(C)NN=C(O)COc1ccc(Cl)cc1,CID1175
Cc1cc(Cl)ccc1/N=C/N(C)C,CID1176
CCCn1c(=O)cc(N)n(C)c1=O,CID1177
CCOc1cc(C(O)=NN)cc(Cl)n1,CID1178
CC(NNC(=O)c1ncccn1)c1ccccc1,CID1179
N=C(c1ccccc1)c1c(O)nc(O)c2c1CCCC2,CID1180
CN=C(O)Oc1cc(C)c(C)c(C)c1,CID1181
CC(C)Oc1ccccc1OC(=O)N(C)Sc1ccc(C(C)(C)C)cc1,CID1182
CC(O)COc1ccc(OCC(C)O)c2ccccc12,CID1183
CC(C)C(CN(C)C)c1ccccc1,CID1184
O=C(Cl)C(c1ccccc1)c1ccccc1,CID1185
COc1cc(C(=O)N2CCN(C)CC2)cc(OC)c1OC,CID1186
OCC1CC(O)=NN=C1c1ccccc1,CID1187
OC(=NNCc1ccccc1)c1ccccn1,CID1188
Cc1ccc(C)n1-c1cccc(C(O)=NN)c1,CID1189
COc1ccc(C2Cc3ccc(OC)c4occ(c34)CCN2C)c2c1C(O)=C(/N=N/c1cccc(Cl)c1)S2(=O)=O,CID1190
CCC1(c2ccccc2)N=C(O)N(C)C1=O,CID1191
OC(=NC(c1ccc(Cl)cc1)c1ccccc1Cl)NC(c1ccc(Cl)cc1)c1ccccc1Cl,CID1192
Cc1c(Cl)ccc2oc3c(c(=O)c12)C=Nc1ccccc1N3C(=O)c1ccccc1,CID1193
C=Cc1ccc(C)cc1,CID1194
CC(=O)N(Cc1ccccc1)c1c(I)cc(I)c(CC(=O)O)c1I,CID1195
C/C(=C\c1ccc(CC(NS(=O)(=O)c2ccc(Cl)cc2)c2cccnc2)cc1)C(=O)O,CID1196
CCCCN=C(O)N1CC(c2ccccc2)OC1=O,CID1197
O=C(c1ccccc1)c1ccc(O)cc1O,CID1198
Cc1cccc(CN2CCN(C(c3ccccc3)c3ccc(Cl)cc3)CC2)c1,CID1199
CCOC(C1=NCCCCN1)c1ccccc1Cl,CID1200
CC(O)c1ccccc1,CID1201
CCC1(c2ccccc2)N=C(O)N(COC(C)=O)C1=O,CID1202
CCCC1=NN(c2ccccc2)C(=O)/C1=C\N(C)C,CID1203
COC(=O)C1=C(C)NC(C)=C(C(=O)OC)C1c1ccccc1[N+](=O)[O-],CID1204
CC(Cc1ccccc1)NC(C#N)c1ccccc1,CID1205
CC1(C)Cc2cccc(OC(=O)CNC(=O)C(=O)Oc3ccc(C(=O)O)cc3)c2O1,CID1206
CCC(C(=O)O)c1c(I)cc(I)c(N=C(C)O)c1I,CID1207
COc1ccccc1C1(CCC(=O)O)CCCCC1=O,CID1208
CCCC(CCC)C(=O)OC(C(=O)O[C@@H]1C[C@@H]2CC[C@H](C1)N2C)c1ccccc1,CID1209
COc1ccc(C(=O)/C=C/C(=O)O)cc1OC,CID1210
C=C(CC(=O)c1ccc(-c2ccccc2Cl)cc1)C(=O)O,CID1211
Oc1ccc(O)cc1,CID1212
O=CC(=O)c1ccc(Oc2ccccc2)cc1,CID1213
CC(C)=NN=C(O)C(CC(O)c1ccc(Cl)cc1)CN(CC(C)C)CC(C)C,CID1214
Oc1ccc(Cl)cc1Cc1cc(Cl)ccc1O,CID1215
Cc1ccc(NC(=O)/N=c2\c[n+](C(C)Cc3ccccc3)[n-]o2)cc1,CID1216
COc1ccc(/C(=C/C(=O)N2CCOCC2)c2ccc(Cl)cc2)cc1OC,CID1217
CCC(Oc1cccc(N(C)C(=O)c2c(I)cc(I)c(N)c2I)c1)C(=O)O,CID1218
CN=C(O)Oc1ccccc1C#N,CID1219
CCOC(=O)c1ccc(Oc2ccc(Cl)cc2)cn1,CID1220
C/C(=C\c1ccc(C(CNS(=O)(=O)c2ccc(Cl)cc2)Cc2cccnc2)cc1)C(=O)O,CID1221
CC(Oc1ccc2ccccc2c1)C(O)=Nc1ccccc1,CID1222
Cc1ccccc1N=C(O)N(C)C(=O)N(C)C,CID1223
Cc1ccc(SC(=O)c2ccccc2)cc1,CID1224
CCOC(O)=NNC(C)c1ccccc1,CID1225
COc1ccc(C(C)=O)cc1,CID1226
O=C(OCCN1CCN(c2ccccc2)CC1)c1ccccc1Nc1ccnc2c(C(F)(F)F)cccc12,CID1227
CCC/C(Cl)=N\OC(O)=Nc1ccccc1C,CID1228
COc1ccc(C(=O)CCC(=O)O)c2ccccc12,CID1229
CCCOC(=O)c1cc(O)c(O)c(O)c1,CID1230
CN1CCN(CC(COc2ccccc2CCc2ccccc2)OCC(=O)O)CC1,CID1231
CC(O)=Nc1cccc(C(F)(F)F)c1,CID1232
O=C(Oc1ccccc1)C(=O)Oc1ccccc1,CID1233
CCCCC(Oc1cccc(N=C(O)c2c(I)cc(I)c(N)c2I)c1)C(=O)O,CID1234
O=C(c1ccccc1)c1ccccc1,CID1235
CCCCCC(=O)c1ccc(N)cc1,CID1236
Oc1ccccc1Cl,CID1237
O=C(O)/C=C/c1ccccc1Cl,CID1238
Cc1ccc(O)cc1,CID1239
CCCOc1ccc(CC(O)=NO)cc1,CID1240
CCCCOc1ccc(OCC(=O)N(CCN(CC)CC)c2ccccc2Cl)cc1,CID1241
CCN(CC)C(=O)Cc1ccccc1,CID1242
CC(Cc1cccc(C(F)(F)F)c1)NCCOC(=O)c1ccc(Cl)cc1,CID1243
CCCC(=O)Oc1ccccc1C(=O)O,CID1244
