SMILES,Cid
OCCC(O)C,Cid1
OCCCCO,Cid2
OCCC(C)CO,Cid3
O=C(OCCCC)CC,Cid4
O=C(OCCC)CC,Cid5
OC(C)CC(O)C,Cid6
OCCOCCOCCOCCO,Cid7
OCC(O)C(O)C(OC1OC(CO)C(O)C(O)C1(O))C(O)CO,Cid8
O=C(OCCCCC)CCC,Cid9
O(C)C(OC)C,Cid10
O=C(OCCCCCCCCCCC(C)C)c1ccccc1(C(=O)OCCCCCCCCCCC(C)C),Cid11
OCCCCCCCCCCC,Cid12
O=C(OCCC(C)CCC)c1ccccc1(C(=O)OCCC(C)CCC),Cid13
OC(C)COC,Cid14
O=C(C)CO,Cid15
O=CC(C)C,Cid16
OCCCCCCCCCCCCCCCC,Cid17
OCC(CO)(CO)CC,Cid18
O=C(OCCOCCOCC)C,Cid19
O=C(OCC)C,Cid20
OCCC,Cid21
O=CCCCCCCCCCCC,Cid22
O(CCCCCC)CCCCCC,Cid23
OCC(OCC)C,Cid24
O=C(OCCC(OC)C)C,Cid25
OCCC(C)CCO,Cid26
O=C(C)CC,Cid27
OC(CC(C)C)CC(CC(C)C)CC(C)C,Cid28
O=C(O)CCOCC,Cid29
O=C(O)C(N)CCC(=O)N,Cid30
O(C)C(C=CC)C,Cid31
O=S(C)C(C)(C)CO,Cid32
C=CCC,Cid33
OCC(CO)(CO)CO,Cid34
O=C(OCC(OC(=O)C)C)C,Cid35
O=C(OCC(O)CO)CCCCCCCCCCC,Cid36
O=C(C)CCC,Cid37
O=C(OC)CCCCCCC,Cid38
OCCCOCCOCC,Cid39
O=C(OCCC(C)CCC=C(C)C)C,Cid40
OCCCCCCCCCC,Cid41
c1cc(c(c(c1C)C)C)C,Cid42
c1ccc(cc1)C(C)C,Cid43
O=C(OCC1OC1)CCCCCCCC=CCCCCCCCC,Cid44
c1ccc2c(c1)CCCC2,Cid45
O=C(OCCCC)CCCCC(=O)OCCCC,Cid46
O=C(OCCCC)CCCCCCCCC(=O)OCCCC,Cid47
OCCOCCN,Cid48
c1cc(ccc1C)C,Cid49
O=CCC,Cid50
c1ccc(c(c1)C)C(C)C,Cid51
N#CCCOCCOCCO,Cid52
O=C(C)CC(C)C,Cid53
O=C(OC(C=C)(C)CCC=C(C)C)C,Cid54
O=S(=O)(O)c2c(O)ccc1ccccc12,Cid55
c1ccc(cc1)C(C)CC,Cid56
O(C)CCOCCOCCOC,Cid57
O=CC=CCCCCCCC,Cid58
OCCCCCCCC(C)C,Cid59
O=C(OC(=O)C=CCCCCCCCCC)C=CCCCCCCCCC,Cid60
O=C(C)CC(OC)OC,Cid61
c1ccc(cc1)CC,Cid62
c1cc(ccc1C)CC,Cid63
O=C(OCCCCCCCC(C)C)CCCCC(=O)OCCCCCCCC(C)C,Cid64
O=C(O)CCCO,Cid65
O=CC(CC)CCCC,Cid66
O=C(OCC(O)C1OCC(O)C1(O))CCCCCCCCCCC,Cid67
O=C(O)CCCCCCCC(=O)C,Cid68
O=CCC(C)CC(C)(C)C,Cid69
O=C(OCCCC)CCCCCCCCC=C,Cid70
O=C(OC1CCCCC1C(C)(C)C)C,Cid71
OCCC(C)CCC=C(C)C,Cid72
O=S(=O)(O)c1ccc(cc1(N))C,Cid73
O=C(OC)C,Cid74
OCC(N)(C)C,Cid75
OCC1OC(OC1)(C)C,Cid76
O=C(OCCCC)C1CC1(OCCCC),Cid77
OC(CC(C)C)CC(C)C,Cid78
O=C(OCC)C1CCCCC1,Cid79
O=C(OC1(C)(CCOC(CCC)C1))C,Cid80
OCCOC=C,Cid81
OC(C)CN,Cid82
N#CCC(=O)OCCCCCC,Cid83
C1=CCC(=C(C)C1)C(C)C,Cid84
O=C(O)CN(C)C,Cid85
CC(C)Cl,Cid86
C1=C(C)CC=C(C1)C(C)C,Cid87
OC(C)C(C)CCCC(OC)(C)C,Cid88
OCC(CO)(CC)CC,Cid89
O(C)C(OC)CC(OC)C,Cid90
O=C(O)CCC,Cid91
OC(OCCCC)CC,Cid92
O(C=C)CCOCCOC=C,Cid93
O=C(O)CCCCCCC,Cid94
O=C(OOC(C)(C)C)OCC(CC)CCCC,Cid95
O=C(OCCOCCOCCOC(=O)C(CC)CC)C(CC)CC,Cid96
O=C(OCC(OC(=O)C)COC(=O)C)C,Cid97
OC(C)COC(C)COCCC,Cid98
O=C(O)CCCCC,Cid99
OCCCOC(C)C,Cid100
O=C(O)CCCCCCCCCCC,Cid101
OCCOCCOCCCN,Cid102
C=CC=CC=CCCCCC,Cid103
OCCC(C)C,Cid104
c1cc(cc(c1)C(C)C)C(C)C,Cid105
O=C(CC(C)C)CC(C)C,Cid106
O=C(OC=C)CC,Cid107
O=C(OOC(C)(C)C)C,Cid108
O=C(OCCc1ccccc1)CC,Cid109
O=C(C#CCCCCC)OC,Cid110
OCC=C(C)C,Cid111
C1=CC(CC=C1C)C(C)C,Cid112
O=C(OC)C1CCCCC1,Cid113
OC(COCC)COC(C)C,Cid114
OC1(CC=C(C)CC1)C(C)C,Cid115
OCCC1=CCC2CC1C2(C)(C),Cid116
O=S(=O)(O)c1ccc(N)cc1,Cid117
O=C(O)CCCCCCCC=CCCCCCCCC,Cid118
C=Cc1ccc(cc1)Cl,Cid119
O=C1NCCCCC1,Cid120
O=C(O)c1ncccc1(C(=O)O),Cid121
O=C(O)C(=O)C(O)C(=O)O,Cid122
O(CCOCCCC)CCOCCCC,Cid123
O1C(C)C1C,Cid124
OCCN1CCCCC1,Cid125
O=C1OC(C)CC1,Cid126
O=C(NC)C,Cid127
O=C(O)CCCCC(=O)O,Cid128
O=C(O)CCCCC(=O)O,Cid129
OCC(C)CC,Cid130
O=C(O)CC(=O)O,Cid131
O(C=C)CCCCCCCCCC,Cid132
C=C(c1ccccc1)C,Cid133
Oc1c(ncc(c1CO)CO)C,Cid134
OC(C)(C)CC,Cid135
OCCCOCCOCCCC,Cid136
O(CC)C(OCC)C=CCCC,Cid137
O=C(OC1CCCCC1)CCCCC(=O)OC2CCCCC2,Cid138
O=C(O)C,Cid139
O=C(OOC(C)(C)C)C(C)(C)C,Cid140
O=C(OCCOCCCC)c1ccccc1(C(=O)OCCOCCCC),Cid141
O=C(O)C,Cid142
O=C(C=CC1C(C=C(C)CC1(C))C)C,Cid143
O=Cc1c(O)c(ncc1CO)C,Cid144
OC(C)COC(C)COC(C)COCCCC,Cid145
O=C(O)C(C)(C)C,Cid146
N#Cc1cccc(c1)C,Cid147
O=P(O)(O)OCC3OC(n2cnc1c(ncnc12)N)C(O)C3(O),Cid148
O=C(C=C(C)C)C,Cid149
O=C1OCCC1,Cid150
OC(C)(C)CCCC,Cid151
O=C(OCC=Cc1ccccc1)CC(C)C,Cid152
O=C(OCc1ccccc1)c2ccccc2(C(=O)OCCCC),Cid153
OCCOCCOCCCCCCC,Cid154
O=C(OCCCc1ccccc1)C,Cid155
O=C(O)C(CCC)CCC,Cid156
OCC1=CCC(C(=C)C)CC1,Cid157
O=C(O)C(CCC)CCC,Cid158
O=C1NC=C(F)C(=O)N1,Cid159
OCC1(CO)(CC=CCC1),Cid160
O=C(O)C(C)(Cl)Cl,Cid161
O=C(O)C=CC(=O)O,Cid162
O1CCN(C)CC1,Cid163
O=C(OOC(=O)OCC(CC)CCCC)OCC(CC)CCCC,Cid164
O(CC)[Si](OCC)(OCC)CCCCC,Cid165
OC(C)CN(CC(O)C)CC(O)C,Cid166
N#CCc1ccccc1,Cid167
OCC(CO)(CC)CCCC,Cid168
OC(C)CCCCC,Cid169
FC(F)(C(Cl)Cl)Cl,Cid170
OCCN(C)CCO,Cid171
CCCCS,Cid172
O=C(OC)C=C1CCCC1,Cid173
O=C(OCC)CC(O)(C(=O)OCC)CC(=O)OCC,Cid174
O=C(OC)c1ccc(cc1)C(=O)OC,Cid175
N1CCNCC1,Cid176
O=C(OC)C=Cc1ccccc1,Cid177
OCC(O)C1CC=CCC1,Cid178
O=S(=O)(O)c1ccc2ccccc2(c1),Cid179
O=C1C(=CCC1)CCCCC,Cid180
c1ccc(cc1)C=CCl,Cid181
C1=CC2CCC1C2,Cid182
O=CC=CCCC,Cid183
O=C(OC(C)CC(C)C)C=CC(=O)OC(C)CC(C)C,Cid184
O=C(OC1CC2CC1C3CC=CC23)C,Cid185
OCCc1ccncc1,Cid186
O=C(O)CC(C)CC(C)C,Cid187
O=CC(=Cc1ccccc1)CCCCC,Cid188
O=C1c3cccc(c3(C(=O)c2cccc(c12)S(=O)(=O)O))S(=O)(=O)O,Cid189
O=C(O)CCC(NC(=O)c1ccccc1)C(=O)N(CCC)CCC,Cid190
O=C(OC)CCCCCCCC=CC,Cid191
O=C(O)c1ccc(N)cc1,Cid192
O=C(OCCCOCCCOC(=O)c1ccccc1)c2ccccc2,Cid193
O=C(O)c1ccccc1(N),Cid194
O=C(OCCSCC)C(=C)C,Cid195
O=C(OCC1=CCC2CC1C2(C)(C))C,Cid196
O=C(OC)Nc1nc2ccccc2([nH]1),Cid197
O=C(OCCO)C(=C)C,Cid198
O=C(O)C1(C)(CC=CCC1),Cid199
N#CCC(=O)OCCOC,Cid200
O=C(O)C=CC,Cid201
O=C(c1ccc(OC)cc1)C,Cid202
OCCNCC(O)CNCCO,Cid203
O=CC(=Cc1ccccc1)C,Cid204
O(C)CCc1ccccc1,Cid205
O=C(Cc1ccccc1)CCCC,Cid206
O=C(OC=C)CCCCC(=O)OC,Cid207
O=C(OCC)c1ccccc1(O),Cid208
OCCN(CCO)CCCC,Cid209
c1ccc2cc(ccc2(c1))C,Cid210
O=C(OCCOCCCC)CCCCC(=O)OCCOCCCC,Cid211
OCC1CCC(CO)CC1,Cid212
O(C)C(OC)C=Cc1ccccc1,Cid213
O=C(OC)CCCCCCCC=CC=CC=CCCCC,Cid214
O=C(OCCCC)c1ccccc1(O),Cid215
O=C(OCc1ccc(OC)cc1)CC,Cid216
O=CC(c1ccc(cc1)C)C,Cid217
OCCNCC,Cid218
O(c1ccc2ccccc2(c1))CC(C)C,Cid219
OCC(N(C)C)(C)C,Cid220
O=C(OCCCCCCCCCCCC)c1cc(O)c(O)c(O)c1,Cid221
O=P(O)(OCC)CCC,Cid222
OC(c1ccccc1)C2CCCCC2,Cid223
O=C(C)CCc1ccccc1,Cid224
O=C(O)Cc1ccc(OC)cc1,Cid225
OCCOC(C)CC,Cid226
OCC=CC,Cid227
O=C(c1ccccc1)c2ccc(O)cc2,Cid228
N#CCC(=O)OCC(C)C,Cid229
O(CCN)CCN,Cid230
O(CCOCC1(OC1)(C))CC2(OC2)(C),Cid231
O=[N+]([O-])c1cc(ccc1C)C,Cid232
O=C(O)c1nc(ccc1)Cl,Cid233
OCC1OC(OC1)Cc2ccccc2,Cid234
O1CCNCC1,Cid235
OCCOCCCCCCC,Cid236
O1CCNCC1,Cid237
O(c1ccc(cc1(OC))CC=C)C,Cid238
OCC(Oc1ccccc1)C,Cid239
O=C(O)C(Cl)(Cl)Cl,Cid240
O=C(OC(C=C)(C)CCC=C(C)C)C=Cc1ccccc1,Cid241
O=C(OCCOc1ccccc1)C=C,Cid242
c1cc(cc2c1CCC2(C)C)C(C)(C)C,Cid243
O=C(O)C=Cc1ccccc1,Cid244
N#CCCOCCCCOCCC#N,Cid245
Oc1ccc2ccccc2(c1),Cid246
O=Cc1ccc(OCC)cc1,Cid247
O=C(O)C(Cl)Cl,Cid248
O=C(O)c1ccccc1,Cid249
c1ccc(cc1)c2ccc(cc2)C,Cid250
O=C(c1cccc(c1)C(=O)Cl)Cl,Cid251
OCCC1CCCCC1,Cid252
O=C(O)CCCCCCl,Cid253
OC2c1ccccc1CC2,Cid254
c1ccc2ccccc2(c1),Cid255
O(c1ccccc1(OCC))CC,Cid256
O(c1ccccc1(OC))C,Cid257
O=C(Oc1ccc(OC)cc1)CCC,Cid258
O1CC=CCOC1C(C)C,Cid259
O=C1C=CCCC1,Cid260
O(c1ccc(cc1)C)C,Cid261
O=[N+]([O-])c1ccc(N)c(OC)c1,Cid262
Oc1c(cc(cc1C)CCCCCCC)C,Cid263
O=Cc1ccc(cc1)Cl,Cid264
O(CC)[Si](OCC)(OCC)CCCCCCCC,Cid265
O=[N+]([O-])c1ccc(N)c(N)c1,Cid266
c1ccc(cc1)C(c2ccccc2C)C,Cid267
OCCCc1ccccc1,Cid268
OCC2CC1CCC2(C1),Cid269
O=S(=O)(O)OCC(CC)CCCC,Cid270
O=C3OC(=O)C(OC(=O)CCc1ccccc1)=C3(OC(=O)CCc2ccccc2),Cid271
OC(C)(Cc1ccccc1)CC,Cid272
OCC[N+](C)(C)CC,Cid273
O1c2ccc(cc2(OC1))CC=C,Cid274
Oc1ccc(cc1)Cc2ccc(O)cc2,Cid275
Oc1ccccc1CC(CC)CCCC,Cid276
O=C(O)c1cc(cc(N)c1Cl)Cl,Cid277
O=Cc1ccc(cc1)C(C)C,Cid278
OCCN1CC(C)C(C)C1,Cid279
O=C(c1ccccc1[N+](=O)[O-])C,Cid280
N(=Nc1ccc(N)cc1(N))c2ccccc2,Cid281
OCC1OCCCC1,Cid282
O(CC1(OC1)(C))CC2(OC2)(C),Cid283
O=P(OCCOCCCC)(OCCOCCCC)OCCOCCCC,Cid284
O=C1Oc2ccccc2(C=C1),Cid285
Oc1cc(ccc1CCCCCC)C,Cid286
O=C(O)CCCCCCCCCCN,Cid287
Oc1ccc(cc1)C(C(C)C)C(C)CCC,Cid288
OCCc1ccccc1,Cid289
O=C(N(CC)CC)C,Cid290
O(Cc1ccccc1C)C3CC2(OC3(C)(CC2))C(C)C,Cid291
O=C(Oc1ccc(cc1)C)C,Cid292
O=C1C=C(C(=O)C(=C1C)C)C,Cid293
O=C(O)c1cc(cc(c1)S(=O)(=O)O)C(=O)O,Cid294
O=C(OC(C)C)C=C(C=CCC(C)CCCC(OC)(C)C)C,Cid295
NCCN(C)C,Cid296
O=C(O)c1cc(ccc1(O))S(=O)(=O)O,Cid297
O=Cc1ccc(OC)c(OC)c1,Cid298
O=C(C=CC=CC=CC)C,Cid299
O=[N+]([O-])c1cc(c(N)c(c1)Cl)Cl,Cid300
O=C(c1ccccc1)C(C)C,Cid301
OC(c1ccccc1)CCCC,Cid302
Oc1ccccc1CCCCCCC,Cid303
O=[N+]([O-])c1cccc(c1C)C,Cid304
O=Cc1ncccc1,Cid305
O=C(O)C3=C(C)CSC2N3(C(=O)C2(NC(=O)C(N)c1ccccc1)),Cid306
O=C=NCc1cccc(c1)CN=C=O,Cid307
O=C(NO)c1ccccc1(O),Cid308
O=C1OC(=CCCC)c2ccccc12,Cid309
O(C)CCOCc1ccccc1,Cid310
OCCNc1ccccc1,Cid311
c1ccccc1,Cid312
O=Cc1ccc(O)c(OCC)c1,Cid313
OCCOCCOc1ccccc1,Cid314
O=C1OC(=CC(=C1)C)CC(C)CC(C)(C)C,Cid315
O=C(OCCC)c1cc(O)c(O)c(O)c1,Cid316
O=C(OCCOC(=O)C(=C)C)C(=C)C,Cid317
Oc1ccc(c(O)c1)C(c2ccccc2)C,Cid318
O=C(OCC1OC1)C(=C)C,Cid319
O=C(c2cccc(Oc1ccccc1)c2)C,Cid320
O=C(c1ccc(O)cc1(O))c2ccc(O)cc2(O),Cid321
O=Cc1ccccc1(C(=O)O),Cid322
O=C1c2ccccc2(OCC1),Cid323
O=C(O)C4N3C(=O)C(NC(=O)c1c(noc1C)c2ccccc2Cl)C3SC4(C)(C),Cid324
O=C(NC)N(O)c1ccccc1,Cid325
O=C(O)C1CCC(C(=O)O)C1,Cid326
O=C(O)c2cc(N)ccc2(C(=O)c1ccccc1),Cid327
O=C(OCCOC)N,Cid328
O(c1ccc(N)cc1)CC,Cid329
O=C1NC(=O)C(N1)(C)C,Cid330
O=C(OCCC)C1Oc2ccccc2(OC1),Cid331
O=C(Oc1ccc(C=C)cc1)C,Cid332
OCC[N+](C)(CC)CC,Cid333
O=C(OCC)C(=COCC)C(=O)OCC,Cid334
O=S(=O)(Nc1ncccc1)c2ccc(N)cc2,Cid335
N1(C)CCN(C)CC1,Cid336
O=C1OC(=O)c2cc(ccc12)C(=O)c3ccc4C(=O)OC(=O)c4(c3),Cid337
O=C(Oc1ccc(cc1)CCC(=O)C)C,Cid338
O=C(Oc1ccc(C=CC)cc1(OC))C,Cid339
O=C(O)c1ccc2C(=O)OC(=O)c2(c1),Cid340
O=Cc2cccc(Oc1ccccc1)c2,Cid341
NCCN,Cid342
O=C(OC=C)C,Cid343
O=C(O)c1ccc2cc(O)ccc2(c1),Cid344
O=[N+]([O-])c1ccc(cc1)C(=C)Cl,Cid345
O=C(Nc1ccccc1)NC,Cid346
O=C3NC(=O)C(N2C(=O)c1ccccc1C2(=O))CC3,Cid347
O1c2ccccc2(OC1),Cid348
O=C(c1ccccc1)c2cccc(c2C)C,Cid349
O=C2C1(C)(CCC(C1)C2(C)C),Cid350
O=C(c1ccccc1C(F)(F)F)Cl,Cid351
c1ccc2cc(ccc2(c1))Cl,Cid352
O=C(OCC(COC(=O)C=C)(COC(=O)C=C)CC)C=C,Cid353
O=C1Oc2cc(OC)c(OC)cc2(C=C1),Cid354
O(c1ccccc1c2ccccc2)C,Cid355
NCCNCCN,Cid356
O=S(=O)(c1ccccc1Cl)Cl,Cid357
O=C(OC(=C)C)C,Cid358
O=[N+]([O-])c1ccccc1C,Cid359
Oc1ccc(cc1c2ccccc2)Cl,Cid360
O=Cc1ccc2OCOc2(c1),Cid361
Oc1ccc(O)c(c1)C(C)(C)C,Cid362
c1ccc(c(c1)CCl)CCl,Cid363
Oc1cc(ccc1CCCCC)C,Cid364
O=NCCCCCCC,Cid365
O=C(OCCC)NCCCN(C)C,Cid366
O=C(O)C=C,Cid367
N#CCCN(c1ccccc1)CC,Cid368
Oc1cc(O)cc(c1)Sc2cc(O)cc(O)c2,Cid369
NNCCN(C)C,Cid370
O=[N+]([O-])c1cc(cc(c1N(CCC)CCC)[N+](=O)[O-])C(F)(F)F,Cid371
OCCOc1cc(OC)cc(OC)c1,Cid372
O=CCCC=C,Cid373
c1ccc(cc1)c2ccc(cc2)CCCCCCCC,Cid374
O=C=Nc1ccc(cc1)Cc2ccc(N=C=O)cc2,Cid375
Oc1ccccc1(OC),Cid376
O=C(OC(=O)C=Cc1ccccc1(O))C=Cc2ccccc2(O),Cid377
O=C1C=C(C)CCC1C(C)C,Cid378
Oc1ccc(cc1)C(C)(C)C,Cid379
O=C(Nc1ccccc1(N))c2ccc(N)cc2,Cid380
NCCNCCNCCN,Cid381
N#CCCN(c1ccccc1)CCO,Cid382
O=CN(CCCC)CCCC,Cid383
O(c1ccc(cc1)C(c2ccccc2)=C(c3ccccc3)Cl)CCN(CC)CC,Cid384
O=C(C)CCc1ccc(cc1)c2ccccc2,Cid385
O1C(C)CN(CC1C)C2CCCCCCCCCCC2,Cid386
O=C(Nc1ccc(O)cc1)c2ccccc2(O),Cid387
O=C(OC)C2C1C=CC(C1)C2(C(=O)OC),Cid388
O=S(=O)(Nc1nccnc1(OC))c2ccc(N)cc2,Cid389
O(c1cccc(N)c1)C,Cid390
O1c2ccc(cc2(OC1))C(OCCOCCOCCCC)OCCOCCOCCCC,Cid391
O(c1ccccc1)P(Oc2ccccc2)OCC(CC)CCCC,Cid392
Nc1c(cccc1CC)C,Cid393
O=C(C(c1ccccc1)c2ccccc2)Cl,Cid394
O(c1ccc2NC(C=C(c2(c1))C)(C)C)CC,Cid395
O=C(O)Cc1ccc(cc1)NC(=O)C,Cid396
O=C(O)C(c1ccc(cc1)CC(C)C)C,Cid397
Oc1ccccc1CCCCCC,Cid398
O=C(Nc1ccccc1(OCCCC))C,Cid399
O=C1c3ccccc3(C(=O)c2cc(ccc12)CC),Cid400
O=S(=O)(O)OCCOc1ccc(cc1)C(C)(C)CC(C)(C)C,Cid401
Oc1c(cccc1C(C)C)C(C)C,Cid402
O=[N+]([O-])c1cccc(c1)C,Cid403
O=C1c4c(O)ccc(N)c4(C(=O)c2c(O)c(cc(N)c12)c3ccc(OC)cc3),Cid404
O=C(O)C(c1ccc(cc1)C=C(C)C)C,Cid405
O(CC)[Si](OCC)(C)CCCCN,Cid406
n1cscc1c2nc3ccccc3([nH]2),Cid407
O=C(ON=C(C)C)Nc1ccccc1,Cid408
Oc1cccc(c1c2ccccc2)Cl,Cid409
O=C1NC(=O)N(C=C1(F))C2OC(CO)C(O)C2,Cid410
OC(c1ccccc1)(C)C,Cid411
Oc1cc(c(c(c1)C)Cl)C,Cid412
O=S(=O)(c1ccccc1)c2ccccc2,Cid413
O=C(O)CONC(=O)c1ccccc1,Cid414
O=C(N)C=CC,Cid415
O=C(Nc1ccc(N)cc1)C,Cid416
O=C(Nc1ccccc1)c2c(nc(N)s2)C,Cid417
O=C(c2cccc1ccccc12)C,Cid418
O=C(O)c1ccc(cc1)Cl,Cid419
O=C(O)c1ccc(N)cc1(O),Cid420
Oc1cc(ccc1C)C,Cid421
O=C(c1cc(c(c(c1)[N+](=O)[O-])N(CCC)CCC)[N+](=O)[O-])C,Cid422
O=C(N)C(CC)C(C)CC,Cid423
Nc1cccc(c1C)C,Cid424
Nc1ccc(cc1C)C,Cid425
O=C(O)C1C(C=C(C)C)C1(C)(C),Cid426
O=C(O)CCS,Cid427
OC(c1ccccc1)C(N)C,Cid428
O=C1Nc3ccc(cc3(C(=NC1)c2ccccc2Cl))Cl,Cid429
OCCN(c1ncc2nc(nc(c2(n1))N3CCCCC3)N(CCO)CCO)CCO,Cid430
c1ccc(cc1)Sc2cccc(c2)Cl,Cid431
c1ccc(cc1)c2cccc(c2)c3ccccc3,Cid432
N#Cc1ccccc1,Cid433
O=C(O)C=Cc1ccccc1(OC(=O)C),Cid434
N(CC)CC,Cid435
O=C(O)CNC(=O)c1ccc(cc1)Cl,Cid436
Oc1ccc(cc1)C(O)CN,Cid437
O=Cc1ccc(O)cc1,Cid438
OC(c1cccc(N)c1)C,Cid439
O=C(C=Cc1ccc2OCOc2(c1))C,Cid440
O=CC(O)Nc1ccccc1,Cid441
O=C(Nc1ccc(cc1)C(C)C)N(C)C,Cid442
c1ccc2c(c1)c4cccc3cccc2c34,Cid443
n1c3ccccc3(cc2ccccc12),Cid444
O=C(O)C(C)CNC(=O)c2c(cc(c(N=C(N1CCOCC1)C)c2I)I)I,Cid445
OCCN(c1cccc(c1)C)CC,Cid446
Nc1c(cccc1C)C,Cid447
O=Cc1ccc(cc1)[N+](=O)[O-],Cid448
O=C(O)c1cc(N)ccc1(O),Cid449
O=C(OCC)C=CN(C)C,Cid450
O=C(N1CCN(CCO)CC1)CN3c2cc(ccc2SC3(=O))Cl,Cid451
Oc1cc(cc(c1)C)C,Cid452
O=C1c2cccc(c2(C(=O)N1CCCC))[N+](=O)[O-],Cid453
O=C(NCCN(CC)CC)c1ccc(N)cc1,Cid454
Nc1ccccc1CC,Cid455
O=C(O)CN(CC(=O)O)CC(=O)O,Cid456
O(c2ccccc2(OCC1OCCNC1))CC,Cid457
O=C(O)C(OCCOc1c(cc(c(c1I)N(C(=O)C)CC)I)I)C,Cid458
O=C(O)C2N(C(=O)C(NC(C(=O)OCC)CCc1ccccc1)C)CCC2,Cid459
O(CCN(C)C)CCN(C)C,Cid460
O=C(NC1CCCCC1)NS(=O)(=O)c2ccc(OC)c(OC)c2,Cid461
O=C1c3ccccc3(C(OC(=O)C(CC)CCCC)=C1c2c(cc(cc2C)C)C),Cid462
O=C(OCC)C=Cc1ccc(OCCC)c(OC)c1,Cid463
O=P(Oc1ccccc1)(Oc2ccccc2)Oc3ccccc3C(C)C,Cid464
O=NN(COC(=O)C)CCCC,Cid465
O=C(N(c1c(OCC)cccc1C)COCCC)CCl,Cid466
O(c1ccc(cc1(N))C)C,Cid467
O=C(OCC=C)CCCCCC,Cid468
NCCCNCCCN,Cid469
O=C(c1ccccc1Cl)C,Cid470
O=C(O)CN(CC(=O)O)CCN(CC(=O)O)CC(=O)O,Cid471
O=C2NC(Oc1ccc(N)cc12)CC,Cid472
O=C(NCCCC)NS(=O)(=O)c1ccc(N)cc1,Cid473
Oc1ccc(c(c1)C)Cl,Cid474
O=C1OC(=C(O1)COC(=O)C4N3C(=O)C(NC(=O)C(N)c2ccccc2)C3SC4(C)(C))C,Cid475
n1c(nc(nc1NC(C)C)SC)NC(C)C,Cid476
O=C(Nc1c(cccc1C)C)c2cc(c(cc2(O))Cl)S(=O)(=O)N,Cid477
Oc1ccc(cc1C(C)(C)C)C,Cid478
Oc1ccc(c(O)c1)CCCC,Cid479
O=C(NCc1ccccc1)CCCl,Cid480
OCCOCCOc1ccc(cc1)CCCCCCCCC,Cid481
Oc1ccc(N)cc1,Cid482
O=C(OC(C)C)Nc1cccc(c1)Cl,Cid483
O=[N+]([O-])c1cc(c(N)c(c1N(CCC)CCC)[N+](=O)[O-])C(F)(F)F,Cid484
Nc1c(cccc1C(C)C)C(C)C,Cid485
O=C1N(c3ccc(cc3(C(=NC1(O))c2ccccc2))Cl)C,Cid486
N#CCN(C)C,Cid487
O=C1Oc2ccccc2(N1),Cid488
NC(C)CC(N)(C)C,Cid489
c1ccc(cc1)[Si](Cl)(Cl)Cl,Cid490
O=C1N=C(OC1c2ccccc2)N,Cid491
OCCN(c1cccc(N)c1)CCO,Cid492
O=C(Nc1ccc(c(c1)Cl)Cl)N(C)C,Cid493
Nc1ccc2ccc3cccc4ccc1c2c34,Cid494
N=C(N)NC(=N)NCCCC,Cid495
O=C(O)C(CCl)(Cl)Cl,Cid496
O=C1NC(Oc2ccccc12)CCCl,Cid497
O=C(OCC)OC(OC(=O)C3N2C(=O)C(NC(=O)C(N)c1ccccc1)C2SC3(C)(C))C,Cid498
Oc1cc(ccc1CC)C,Cid499
O=C(O)C(O)(c1ccccc1)C2CCCCC2,Cid500
O=C(OCCN(CC)CC)c1ccc(N)cc1,Cid501
O=C(O)C4N3C(=O)C(NC(=O)C(C(=O)Oc1ccccc1)c2ccccc2)C3SC4(C)(C),Cid502
O=C(OCC1CC2OC2(CC1(C)))CCCCC(=O)OCC3CC4OC4(CC3(C)),Cid503
O=C(NC1CCCCCCC1)N(C)C,Cid504
O(CC)P(OCC)(=S)S,Cid505
O=C1C=C(N)N(C(=O)N1CC)CC=C,Cid506
O(C(=S)S)C(C)C,Cid507
O1CC(OC1C=C)C,Cid508
O=C(OCCSCC)C=C,Cid509
O(C(=S)S)C(C)C,Cid510
Nc1c(cc(cc1C)C)C,Cid511
O=C(Nc1ccc(cc1)C(=O)CCl)C,Cid512
O(C(C)C)P(OC(C)C)OC(C)C,Cid513
c1cc(ccc1C(Cl)(Cl)Cl)C(Cl)(Cl)Cl,Cid514
O(CNc1ccccc1)CCN,Cid515
O=C(OCC=C)C=CC(=O)OCC=C,Cid516
c1ccc2c(c1)N(CC)CCC2,Cid517
O=C(C=C)N(CC)CC,Cid518
O=C(Nc1ccccc1(OC))CC(=O)C,Cid519
Oc1cc(cc(c1(O))C)Cl,Cid520
N#CC(NC)C,Cid521
NC(C)C,Cid522
Oc1ccc(cc1)Nc2ccccc2,Cid523
O=C(O)CCC(=O)c1cc(OCC)c(OCC)cc1(OCC),Cid524
Oc1ccc(cc1)C,Cid525
OCCN(CC(CC)CCCC)CC(CC)CCCC,Cid526
O=C(OC=1c3ccccc3(C(=O)C=1c2c(cc(cc2C)C)C))C,Cid527
n4nc1n(c3ccc(cc3(C(=NC1)c2ccccc2))Cl)c4C,Cid528
O=C(c1ccc(cc1)Cl)c3ccccc3(c2ncc[nH]2),Cid529
O=C(O)c1ccc(cc1)S(=O)(=O)N(CCC)CCC,Cid530
O=C(Nc2ccc(Oc1ccc(OC)cc1)cc2)N(C)C,Cid531
O=C(O)Cc1ccc(cc1)c2ccccc2,Cid532
O=C2Oc1ccc(cc1N2CC)Cl,Cid533
O=C1Oc2ccc(cc2(N1))Cl,Cid534
n1c3ccccc3([nH]c1SN2CCCCC2),Cid535
O=C(Nc1ccc(cc1)Br)N(OC)C,Cid536
n1c2ccccc2(ccc1C),Cid537
C=CCCl,Cid538
NC23(CC1CC(CC(C1)C2)C3),Cid539
O=C(O)CCC(=O)c2ccc1c(oc(c1C)C)c2(OC),Cid540
O=Cc1oc(cc1)C,Cid541
O=C1C=CC(=O)N1c2cccc(c2)N3C(=O)C=CC3(=O),Cid542
c1ccc(cc1)NCC,Cid543
O=C(OCCO)C=C,Cid544
O=C(OCCCC)CC(C(=O)OCCCC)P(=O)(OCCCC)OCCCC,Cid545
O=NN(C(=O)OCC)CCCC,Cid546
O=C(NC(CO)C(O)c1ccc(cc1)[N+](=O)[O-])C(Cl)Cl,Cid547
c1ccc2cc(ccc2(c1))Nc3ccc(cc3)Nc4ccc5ccccc5(c4),Cid548
NC1CCC(CC1)CC2CCC(N)CC2,Cid549
O=NC(C)C(O)(C#Cc1ccccc1)C,Cid550
Fc1ccccc1,Cid551
O=S(=O)(O)OCCCCCCCCCCCC,Cid552
c1ccc(cc1)N(CC)CC,Cid553
O=C(O)c2ccccc2(NC(=O)C=Cc1ccc(OC)c(OC)c1),Cid554
O=C(OC(=NOCC)c1c(OC)ccc(c1(OC))Cl)c2ccccc2,Cid555
O=[N+]([O-])c1ccc(cc1)c2ccccc2,Cid556
n1nc2cc(ccc2([nH]1))C,Cid557
O=C(OC)c1c(c(c(C(=O)OC)c(c1Cl)Cl)Cl)Cl,Cid558
O=C(OCCSCCCC)C(=C)C,Cid559
n1c(nc(nc1NC(C)(C)C)Cl)NCC,Cid560
O=C(OCC(CC)CCCC)CC(C(=O)OCC(CC)CCCC)S(=O)(=O)O,Cid561
O=S(=O)(O)c2cc(cc1cc(ccc12)CCCC)CCCC,Cid562
c1cc(cc(c1)Cl)Cl,Cid563
Nc1ccccc1,Cid564
O=NN(c2ccc(N=Nc1ccccc1)cc2)C,Cid565
O=C2C3=C(C(=O)N2(c1ccc(cc1)Cl))CCCC3,Cid566
O=C1Oc2cc(ccc2(N1))Br,Cid567
O=C2Oc1cc(ccc1N2CO)Cl,Cid568
O=C(N1CCCCC1)SC(c2ccccc2)(C)C,Cid569
C=C(C)CNCC,Cid570
n1ccnc(c1)C,Cid571
O(c1ccccc1)CC2OC(NCC2)=S,Cid572
O=C(OC(C=C)(C)CCC=C(C)C)c1ccccc1(N),Cid573
O=C(OCC)C2=CN(C(=O)c1ccccc1)C3N(C2(=O))C(C)CCC3,Cid574
O=C(N(CC)CC)Cl,Cid575
O=C(N)C(O)(c1ccccc1)c2ccccc2,Cid576
O=[N+]([O-])c1cc(cc(c1N(CC(=C)C)CC)[N+](=O)[O-])C(F)(F)F,Cid577
n1c(nc(nc1NC(C)C(C)C)SC)NCC,Cid578
O=C(OCC)c1cnn(c1N3C=Nc2ccccc2C3(=O))C,Cid579
O=C(OC(C)CC(C)C)CC(C(=O)OC(C)CC(C)C)S(=O)(=O)O,Cid580
O=NN(CCC)CCC,Cid581
O=C(c1ccc(N)cc1)C,Cid582
O=C(OCC(Br)(Br)Br)C(CC)CC,Cid583
Oc1ccccc1c2ccccc2,Cid584
Oc1ccccc1c2ccccc2,Cid585
N1=C(NCC1)CCCCCCCCCCCCCCCCC,Cid586
O=C(O)c2ccccc2(Nc1cc(ccc1(C(=O)O))Cl),Cid587
CC[N+](CC)(CC)CC,Cid588
NC(C)(C)C,Cid589
O=C2N(c1c(cc(CC)s1)C(=NC2)c3ccccc3Cl)C,Cid590
O=C(Nc3cccc1c3([nH]c2c1CCCC2))C,Cid591
O=C3c1ccccc1N(C(=O)CN2CCOCC2)CN3c4ccccc4,Cid592
NCCCCCCCCCCCCCCCCCC,Cid593
O=NN(CC)C(C)C,Cid594
OC(c1ccc(cc1)Cl)(C)CC(O)(C)C,Cid595
C=Cc1cc(ccc1Br)Br,Cid596
O=C(O)C(Oc1ccc(cc1)Cl)(C)C,Cid597
O=C(OCC)C(Nc1ccc(c(c1)Cl)Cl)C,Cid598
O=C1N(c3ccc(cc3(C(=NC1)c2ccccc2))Cl)CC#C,Cid599
O=C(OCC)Nc1occc1,Cid600
O=C(Nc1ccc(cc1)Cl)c3cc(cc(c2ccc(cc2)Cl)c3(O))Cl,Cid601
O=C(Nc1ccccc1)COc2ccc(cc2C)Cl,Cid602
O=[N+]([O-])c1cc(cc(c1(NC(C)CC))[N+](=O)[O-])C(C)(C)C,Cid603
O=C(O)C1=CN(c2c(F)c(c(F)cc2(C1(=O)))N3CCNC(C)C3)CC,Cid604
C(=C(C)Cl)Cl,Cid605
O=S(=O)(N(c1ccc(cc1)Cl)SC(C(F)(Cl)Cl)(Cl)Cl)C,Cid606
c1ccc2c(c1)[N+](=C(C)C2(C)C)C,Cid607
O=C(O)C1=CN(c2c(F)c(c(F)cc2(C1(=O)))N3CCNC(C)C3)CC,Cid608
N(Nc1c(cc(cc1Cl)Cl)Cl)=C(c2ccccc2)Cl,Cid609
O=C2NN=C(c1c2(noc1C))C,Cid610
Oc1ccc(cc1)C(c2ccc(O)cc2)(C)C,Cid611
O=C(OC)Nc2nc1ccccc1n2(C(=O)NCCCC),Cid612
O=C2NC(=O)CN2(N=Cc1oc(cc1)[N+](=O)[O-]),Cid613
O=C(OCC(O)C1Oc2ccccc2(OC1))NC(C)C,Cid614
Oc1ccc(O)cc1,Cid615
N(CC)C1CCCCC1,Cid616
O=S(=O)(Nc1ncc(OC)cn1)c2ccc(N)cc2,Cid617
O=C1OC(=CC(=O)C1=C(O)C)C,Cid618
O=C(N)c1ccc(c(N)c1)C,Cid619
O=NN1CCCCC1,Cid620
O=C(NCN(C(=O)CCl)c1c(cccc1CC)CC)C,Cid621
Oc1ccc(cc1)C(c2cccc(c2)C(c3ccc(O)cc3)(C)C)(C)C,Cid622
O=C(OCC)C1=CN(C(=O)C)C2N(C1(=O))C(C)CCC2,Cid623
O=C(C=CC)N(c1ccccc1C)CC,Cid624
O=S(=O)(OC)c1ccccc1,Cid625
O=C(N(c1ccccc1)CC)N(c2ccccc2)CC,Cid626
O=C(O)CN2C(=O)N(C(=O)c1ccc(F)cc12)Cc3ccc(cc3(F))Br,Cid627
O=C=Nc1ccc(c(c1)C(F)(F)F)Cl,Cid628
n1cc(c(nc1N)N)Cc2cc(OC)c(OC)c(OC)c2,Cid629
C#CC3(O)(CCC2C4CCc1cc(O)ccc1C4(CCC23(C))),Cid630
N(C)(C)C1CCCCC1,Cid631
O=C1OC(=CC(=O)C1C(=O)C)C,Cid632
c1ccc(cc1)Nc2ccc(cc2)Nc3ccccc3,Cid633
O=NN(C(=O)N)CCCC,Cid634
Oc1ccc(cc1(N))c2ccccc2,Cid635
Oc2ccc(N=Nc1ccc(N)cc1)cc2,Cid636
O=[N+]([O-])c1cc(c(c(c1(NC(CC)CC))[N+](=O)[O-])C)C,Cid637
O=C1N(c3ccc(cc3(C(=NC1)c2ccccc2))Cl)C,Cid638
O=C(Oc1ccccc1(OC))C(c2ccc(cc2)CC(C)C)C,Cid639
O=C(O)C1=CN(c2cc(c(F)c(c2(C1(=O)))C)N3CCNC(C)C3)C4CC4,Cid640
O=[N+]([O-])c2oc3ccc1ccccc1c3(c2),Cid641
O=C(N(CCC)CCC)SCCC,Cid642
O=Cc1c(O)n(nc1CCC)c2ccccc2,Cid643
O=C(OCC)C(Oc1ccc(cc1)Cl)(C)C,Cid644
O=C2Nc1ccc(cc1C3(OCC(N3(C2))C)(c4ccccc4Cl))Cl,Cid645
O=C(O)C1=CN(c2nc(ccc2(C1(=O)))C)CC,Cid646
NC1CCCCC1(N),Cid647
O=C2N3C(=Nc1ccc(cc1N3(C(=O)C2CCC))C)N(C)C,Cid648
O=C(Nc2ccc3c1ccccc1sc3(c2))C,Cid649
n1ccc([nH]1)CCCC,Cid650
O=[N+]([O-])c1cc(c(N)c(c1N(CC)CC)[N+](=O)[O-])C(F)(F)F,Cid651
n1cc(C=C)ccc1C,Cid652
c1cc(ccc1C(c2ccc(cc2)Cl)C)Cl,Cid653
O=C(NC1CNCCC1)c2cc(OC)c(OC)c(OC)c2,Cid654
Nc1ccccc1C,Cid655
O=C(OC)C2=C(NC(=C(C(=O)OCC)C2(c1cccc(c1Cl)Cl))C)C,Cid656
Nc1ccccc1C,Cid657
O=C(OCC(C)C)C(Oc2ccc(Oc1ccc(cc1)Cl)cc2)C,Cid658
O=C(C=C)C,Cid659
O=C(O)C(=NC(=O)C(CC)CC)Cc1ccc(OC)cc1,Cid660
O=C(Nc1cccc(c1)C(F)(F)F)c2cc(ccc2(O))CCCC,Cid661
O=C(OCC(Cl)(Cl)Cl)C(CC)(CC)Cl,Cid662
NCCCCCCCCCCCCCCC,Cid663
CCCC[N+](CCCC)(CCCC)CCCC,Cid664
NCCCC,Cid665
N#CSc1ccc(OC)cc1[N+](=O)[O-],Cid666
O=NN(OCC)CC,Cid667
n1c(nc(nc1NC(C)C)Cl)NC,Cid668
O=C(O)Cc1ccc(OCC=C)c(c1)Cl,Cid669
O=C(N(c1c(cccc1CC)C)COCC)CCl,Cid670
O=C2c1noc(c1C(=NN2C)c3ccccc3)C,Cid671
O=C1NN=Cc2ccccc12,Cid672
O=C(OCC)C1(OC1)CCCCCCOc2ccc(cc2)Cl,Cid673
O=C(O)c1cc(ccc1(O))Cl,Cid674
C#CC(O)C=CC,Cid675
Nc1ccc(cc1)C(C)C,Cid676
Oc1ccccc1C,Cid677
O=C(c1ccc(cc1)C)C(C)CN2CCCCC2,Cid678
O=NN(CC)C(OC)C,Cid679
O=C(N(CC(C)C)CC(C)C)SCC,Cid680
O=C(Nc2nc1ccccc1s2)NC,Cid681
O=[N+]([O-])OCC(O)CO[N+](=O)[O-],Cid682
n1ccc(nc1N)OCCN(CC)CC,Cid683
n2c(nc(NCc1ccccc1)c3cc[nH]c23)C,Cid684
O=C1C(O)=C(Oc2cc(O)cc(O)c12)c3ccc(O)c(O)c3,Cid685
OC(COc1ccccc1(OCC))CNCCNCC(O)COc2ccccc2(OCC),Cid686
O=C2C(=C(N(N2(c1ccccc1))C)C)C(C)C,Cid687
O=NN(C)CC(=O)OCC,Cid688
n1ccc2ccccc2(c1),Cid689
O=NN(CC)CCCC,Cid690
FC(F)(F)C(F)(F)C(F)(F)C(F)(F)C(F)(F)C(F)(F)CCO,Cid691
OC(COc1ccccc1)CNCCNCC(O)COc2ccccc2,Cid692
O=C1c2ccc(cc2(C(=O)N1C))[N+](=O)[O-],Cid693
O=C(O)C(c1ccc(cc1)NCC(=C)C)C,Cid694
O1c2ccc(C=CC(OCC)=S)cc2(OC1),Cid695
OC(c1ccc(cc1)Cl)(Cn2ncnc2)C(C)C3CC3,Cid696
n1c(nc(nc1N(CC)CC)Cl)N(CC)CC,Cid697
OCCOc1ccc(N)cc1(N),Cid698
O1c2ccc(cc2(OC1))C(OCC)=S,Cid699
OCC[N+](C)(C)CC[N+](C)(C)CCC,Cid700
C(=C(Cl)Cl)Cl,Cid701
O=C1OC=C(C(=O)CO)c2cccc(O)c12,Cid702
Oc1ccc(cc1n2nc3ccccc3(n2))C,Cid703
N(C(N(CCCC)CCCC)=S)CCCC,Cid704
O(c1ccc(C=CC(OCC)=S)cc1(OCCC))C,Cid705
Oc1ccccc1Cl,Cid706
Fc1ccc(cc1)Br,Cid707
O=C2OCCN2(N=Cc1oc(cc1)[N+](=O)[O-]),Cid708
O=C(O)Cc2ccc(OCc1ccccc1)c(c2)Cl,Cid709
O=C(N(CC)C1CCCCC1)SCC,Cid710
O=C(OCCC)C2c1cc3OCOc3(cc1CC(C)C2(C(=O)OCCC)),Cid711
O=C(OC)c1c(c(c(C(=O)SC)c(c1Cl)Cl)Cl)Cl,Cid712
O=C(O)C1(N)(CCCC1),Cid713
c1ccc(cc1)Nc2ccc(cc2)NC(C)CC(C)C,Cid714
O=C1Oc2cc(c(cc2(N1))Cl)Br,Cid715
O=C(OC3CC2N(C(=O)Oc1ccccc1)C(CC2)C3)NN,Cid716
O=C1c3ccccc3(C(=O)N1Sc2ccc(cc2)C),Cid717
N2=C(OC(c1ccccc1)C2)N,Cid718
O=C(OCC)NCCOc2ccc(Oc1ccccc1)cc2,Cid719
O=C(Nc1ccccc1(OC))CC(=O)c2ccccc2,Cid720
O=C1C=CC(=O)c2ccccc12,Cid721
N(CCCC)(CCCC)CCCC,Cid722
Oc1ccccc1S,Cid723
O=C(N1CCNCC1)CN3c2cc(ccc2SC3(=O))Cl,Cid724
O=C(C=C)NC,Cid725
O=C(OCCN(CC)CC)C(Cc2cccc1ccccc12)CC3OCCC3,Cid726
n1c(nc(nc1NCC)NC(C)(C)C)OC,Cid727
O=C(O)c1c(OC)c(ccc1Cl)Cl,Cid728
O=[N+]([O-])c1cccc(c1)C(F)(F)F,Cid729
O=C(NCCCC)c1cc(N)ccc1(OCC#C),Cid730
O(C)P(OC)(=S)S,Cid731
O=C2C=Cc3cc(OCC(O)CNCc1ccc(OC)c(OC)c1)ccc3(N2),Cid732
O(c1ccc(N)cc1(OC))C,Cid733
N(CCC)(CCC)CCC,Cid734
O=C1C(=C(N=C2C=CC(=CN12)Cl)C)CC,Cid735
O=C(O)C5N4C(=O)C(NC(=O)C(C(=O)Oc1ccc2c(c1)CCC2)c3ccccc3)C4SC5(C)(C),Cid736
O=C(OC)C2=C(NC(=C(C(=O)OCC(C)C)C2(c1ccccc1[N+](=O)[O-]))C)C,Cid737
O=C(N)C1=C[N+](=C2N(C1(=O))C(C)CCC2)C,Cid738
O=NN(C)CCCCC,Cid739
O=C(OC2=C(C(=O)N(c1ccccc1)N2c3ccccc3)CCC(=O)C)c4ccccc4,Cid740
NCCCCNC(C)(C)C,Cid741
O=C(OCCN1CCOCC1)C(Oc2ccccc2)(C)C,Cid742
NCc1cccc(c1)CN,Cid743
O=C2c1ccccc1C(=O)C(C2(=O))CC=C(Cl)Cl,Cid744
n1c(oc2ccc(cc12)Cl)NC,Cid745
O=C(N3CCN(c1nc(N)c2cc(OC)c(OC)cc2(n1))CCC3)CCC,Cid746
O=NCC(O)(C#Cc1ccccc1)c2ccccc2,Cid747
O=C(N)c1ccccc1(OCC(CCCCCC)CCCCCCCC),Cid748
O=C(NCc1ccc(OCCNC)cc1)c2ccc(OCC)c(OCC)c2,Cid749
O3c4ccc5c2ccc1cc6OCOc6(cc1c2[n+](cc5(c4(OC3)))C),Cid750
OC(c1ccccc1)CNc2ncccc2,Cid751
O=C1OCCC1N(C(=O)CCl)c2c(cccc2C)C,Cid752
O=[N+]([O-])c1cccc(O)c1,Cid753
n2cc1nc(C)sc1c3ccccc23,Cid754
O=C(OCCOc1ccc(cc1Cl)Cl)c2ccccc2,Cid755
C(C(Cl)(Cl)Cl)(Cl)Cl,Cid756
O=C(O)CCC(C)C2CCC3C4CCC1CC(O)CCC1(C)C4(CC(O)C23(C)),Cid757
c1ccc3c(c1)Nc2ccccc2S3,Cid758
N(CC(CC)CCCC)C1CCCCC1,Cid759
O=C(c2c(nc(c1cnccc1)s2)c3ccccc3)N(C)C,Cid760
O=C(OC1CCCCC1)C(Oc2ccc(cc2)Cl)Oc3ccc(cc3)Cl,Cid761
O=C2C=C(Oc3c(OC)c1occc1c(OC)c23)C,Cid762
O(c1ccc(c(OC)c1(OC))CN2CCNCC2)C,Cid763
Nc1ccc2ccccc2(c1),Cid764
N(C)C(C)CC1CCCC1,Cid765
n1[nH]c(cc1c2ccccc2)C,Cid766
N(C(N(C)C)=S)C,Cid767
N(CCCCCC)CCCCCC,Cid768
N(C)(C)CCCCCCCCCCCC,Cid769
Nc1ccc(cc1)c2ccccc2(N),Cid770
OC(c1ccc(N)cc1)CNC(C)CC,Cid771
N(CCCCCCCCCCCCCCCCCC)C(C)C,Cid772
O=C(N)Cc2cccc1ccccc12,Cid773
c1ccc3c(c1)N(c2ccccc2C3(C)C)CCCN(C)C,Cid774
O=C(OC2CCC(N1CCCCC1)CC2)c3ccccc3,Cid775
O=C2NCCN2(N=Cc1oc(cc1)[N+](=O)[O-]),Cid776
O=C(OC(c1ccccc1Cl)CC)N,Cid777
Oc1nc(nc(c1CCCC)C)N(C)C,Cid778
O=C1NC=C(C=C1(N))c2ccncc2,Cid779
O=C(OC)CS,Cid780
O=C2C(N=Cc1cccc(OC)c1)=C(N(N2c3ccccc3)C)C,Cid781
O=C1NCC(N1)Cc3ccc(OC)c(OC2CCCC2)c3,Cid782
n1cnc(NCCN(C)C)c2ccccc12,Cid783
O=C3N(c1ccccc1)N(c2ccccc2)C(=O)C3,Cid784
N(c1ccc(c(c1)Cl)Cl)=C2N(CCC2)CCCC,Cid785
c1cc[n+](cc1)C,Cid786
NC(CCC)(CCC)CCC,Cid787
n2c(cc1cc(OC)c(OC)cc1c2Cc3ccc(OCC)c(OC)c3)C,Cid788
FC(F)(F)c1cccc(N)c1,Cid789
OCCNCCc1ccccc1,Cid790
c1cc2c(cc1Cl)CC[N+]2(C)C,Cid791
O=C(N)C(c1ccccc1)(c2ccc(N)cc2)C,Cid792
O(c1ccc(cc1)N2CCN(CC2)CCCN(C)C)C,Cid793
c1cc(ccc1CC(C)CN2CCCCC2)C(C)(C)C,Cid794
O=C(OCCOC(=O)C=C)C=C,Cid795
O(c1ccc(cc1Cl)Cl)CCOCC,Cid796
O=P(O)(O)OCC(Cl)(Cl)Cl,Cid797
n1nc(ccc1Nn2c(ccc2C)C)N3CCOCC3,Cid798
n1c(cccc1C)C,Cid799
O=C(O)C(Oc1ccc(cc1C)Cl)C,Cid800
n1ccn(c1)C(c2ccccc2)(c3ccccc3)c4ccccc4Cl,Cid801
O=C(NC3CCN(CCc2c[nH]c1ccccc12)CC3)c4ccccc4,Cid802
N(=NN(N=Nc1ccccc1)C)c2ccccc2,Cid803
O=C(N=NCc1oc(cc1)[N+](=O)[O-])CCN2CCN(C)CC2,Cid804
n1ccccc1C,Cid805
Oc1cc(cc2OC(C)(C)C3CCC(=CC3(c12))C)CCCCC,Cid806
n1cccc2cc(ccc12)C(C)CC,Cid807
N#CC1OC1(C#N),Cid808
O=C(N)NN=Cc1oc(cc1)[N+](=O)[O-],Cid809
O=C(OCCN(CC)CC)C1(CCCCC1)C2CCCCC2,Cid810
O=C2C(N=Cc1ccc(OC)cc1)=C(N(N2c3ccccc3)C)C,Cid811
O=C(NC1CCCCC1)c2ccccc2(OCC=C),Cid812
O=NN(C(=O)NC(=O)C)C,Cid813
c1ccc(cc1)CN(Cc2ccccc2)CCCl,Cid814
N(C)(C)CCCCCCN(C)C,Cid815
O=C(OCC(C)(COC(=O)N)C(C)CC)N,Cid816
O=C(c1ccccc1(OCC(O)CNCCC))CCc2ccccc2,Cid817
O(c1ccc(cc1)C(c2ccc(OC)cc2)C(Cl)(Cl)Cl)C,Cid818
O=[N+]([O-])c1cccc(c1[N+](=O)[O-])C,Cid819
O=C(Nc1c(cccc1C)C)C[N+](Cc2ccccc2)(CC)CC,Cid820
n1c(oc2ccc(cc12)Cl)N(C)C,Cid821
OCCN1CCN(CC1)CCCN3c4ccccc4(C=Cc2ccccc23),Cid822
O=C3N(c1ccccc1)c2cc(ccc2N(C(=O)C3)C)Cl,Cid823
N(=C(N)C(OCC)c1ccccc1)CCC,Cid824
O=NN1CCCCCC1,Cid825
O=C(c1ccc(cc1)C)c2ccc(n2C)CC(=O)NCC(=O)Nc3cc(OC)ccc3(OC),Cid826
O=C3c1c(ncn1CCN(c2ccccc2)C)N(C(=O)N3C)C,Cid827
c1cc(ccc1NC(C)CC)NC(C)CC,Cid828
O=C(N2CCN(CC=Cc1ccccc1)CC2)CCC,Cid829
N1=C(NC(C)C1)C(OCC)c2ccccc2,Cid830
O=NN(C(=O)N)CC,Cid831
O=C(O)CCCOc1ccc(cc1Cl)Cl,Cid832
O=[N+]([O-])N=C1NCCN1Cc2cnc(cc2)Cl,Cid833
n1cnc3ccccc3(c1OCCc2ccc(cc2)C(C)(C)C),Cid834
O=C(OC1CC2CCC(C1)[N+]2(C)(C))C(c3ccccc3)CO,Cid835
O=C(OC1C(=C(C(=O)C1)CC=C)C)C2C(C)(C)C2(C)(C),Cid836
O=C(OC1CC2CCC(C1)[N+]2(C)(C))C(c3ccccc3)CO,Cid837
O=NN(C1CCCCC1)C2CCCCC2,Cid838
C[N+]1(C)(CCCCC1),Cid839
O=C2c1[nH]cnc1N(C(=O)N2C)C,Cid840
O=C(c1cc(OC)c(OC)c(OC)c1)N2CCCCCCC2,Cid841
OCCOCCCCCCCCCCC(N)(C)C,Cid842
O=C(C(Cl)Cl)Cl,Cid843
O=C(c2nnn(c1ccccc1)c2C)N(CC)CC,Cid844
O=C2c1ccc(cc1C(=O)N2CCN(CC)CC)NCCCC,Cid845
O=C(N)COc1ccc(cc1Cl)Cl,Cid846
O=C(N(c1ccc(F)cc1)C(C)C)CO,Cid847
O(c1ccccc1Cc2ccccc2)CCN(C)C,Cid848
N#Cc1ccccc1CN3Cc2ccsc2CC3,Cid849
O(c1c(c(c(c(c1Cl)Cl)Cl)Cl)Cl)CCC,Cid850
O=C(NN)CSc2ncnc(Oc1ccccc1)c2,Cid851
c1ccc2c(c1)c3c(n2CCCN(C)C)CCCCCC3,Cid852
O=C3Oc1c(cc(c(O)c1CC=C)CN2CCN(CCO)CC2)C(=C3)C,Cid853
O=C(O)C(Oc1cc(c(cc1Cl)Cl)Cl)C,Cid854
N#Cc1ccc(N)cc1,Cid855
O=C(NN=Cc1oc(cc1)[N+](=O)[O-])CN2CCN(C)CC2,Cid856
O=C(O)COc1cc(c(cc1Cl)Cl)Cl,Cid857
O=C(NN=Cc1oc(cc1)[N+](=O)[O-])CN2CCN(C)CC2,Cid858
OC(=NC(c1ccccc1)(C)C)N(c2ccccc2)C,Cid859
O=[N+]([O-])c1oc(C=NNC(N(C)C)=S)cc1,Cid860
O=C(OC2CCN(CCCC(=O)c1ccc(F)cc1)CC2)NC(C)C,Cid861
N=[N+]=Nc1nc(nc(n1)SC)NC(C)C,Cid862
O=NN(C)C(c1ccccc1)(C)C,Cid863
N#CN(c1nc(nc(n1)NC(C)C)NC(C)C)C,Cid864
n1ccc(C=C)cc1,Cid865
OC(c1ccccc1)(CCN2CCCCC2)C3CCCC3,Cid866
OCC(NCC(O)c1ccccc1)(C)C,Cid867
O=C(c1ccc(cc1)CC)C(C)CN2CCCCC2,Cid868
FC(F)(F)c2ccc(OC(c1ccccc1)CCNC)cc2,Cid869
c1ccc(cc1)c2cn(c3ccc(cc23)C)N(C)CCN(C)C,Cid870
O=NN1CCCCCCC1,Cid871
OC(COc1cccc2[nH]ccc12)CNC(C)C,Cid872
O=S(=O)(OCCCN(Cc1ccccc1)CCCOS(=O)(=O)C)C,Cid873
O=[N+]([O-])c3cc(c(N=Nc1ccc(cc1)N2CCS(=O)(=O)CC2)c(c3)Cl)Cl,Cid874
O=C(NC)N3C(=O)CN=C(c1ccccc1)c2cc(ccc23)[N+](=O)[O-],Cid875
N1=C(NCCC1)C(OCC)c2ccc(cc2)Cl,Cid876
O=C(OC1CC[N+](C)(C)C1)C(O)(c2ccccc2)c3cccs3,Cid877
O(C(C=Cc1ccc(cc1)N(C)C)=S)CC,Cid878
N(c1ccc(c(c1)Cl)Cl)=C2N(CC=C)CCC2,Cid879
C=C(CCl)CCl,Cid880
O=C(OCC[N+](C)(CC)CC)C(c1ccccc1)C(C)CC,Cid881
c1ccc3c(c1)C4c2ccccc2C3(CCCNC)CC4,Cid882
O=C(OCc1ncccc1)C(c2ccc(cc2)CC(C)C)C,Cid883
FC(F)(F)C(c1ccccc1)=C(c2ccccc2)c3ccc(OCCNCCO)cc3,Cid884
O=C(NC1CC1)c2cc(c(N)c(c2)Cl)Cl,Cid885
N#CCN(N=O)CC#N,Cid886
O=C(O)CCC(=O)OCCCCCc1ccc(cc1)Cl,Cid887
O(c2ccccc2(C=Cc1ccccc1))CCCCN(C)C,Cid888
C(C(C(Cl)Cl)(Cl)Cl)Cl,Cid889
O=C1C(=C(N(N1c2ccccc2)C)C)CN4CCOC(c3ccccc3)C4C,Cid890
O=C2OC(c1cocc1)C3(C2=C(C)CCC3)(C),Cid891
O=C(OCC=C)Nc1ccc(nc1(N))NCc2ccc(F)cc2,Cid892
O=P(O)(O)OC(=CCl)c1ccc(cc1Cl)Cl,Cid893
O=C(N(C)C)C(Oc1ccc(cc1C)Cl)C,Cid894
O=C(OC1CN(C)CCC1)C(O)(c2ccccc2)c3cccs3,Cid895
N#CC(OC1OC(CO)C(O)C(O)C1(O))c2ccccc2,Cid896
O=C(O)c1cc2C(=O)c3cc(ccc3(Oc2(nc1(N))))C(C)C,Cid897
n1ccn(c1)CC(OCc2ccc(cc2Cl)Cl)c3ccc(cc3Cl)Cl,Cid898
C(C(CCl)(Cl)Cl)Cl,Cid899
O=C(OC)c1cccc(c1)CCN(C)Cc2ccccc2,Cid900
Oc1ccc(cc1)C(O)CNCCc2ccc(OC)c(OC)c2,Cid901
O=C(OCCN1CCCCC1)c2cccc3C(=O)C(=C(Oc23)c4ccccc4)C,Cid902
O(CC)P(OCC)(=S)Cl,Cid903
O=S(=O)(Nc1nnc(C(C)(C)C)s1)c2ccc(OC)cc2,Cid904
n1ccnc(c1N2CCCCC2)C,Cid905
O=P(OCC)(OCC)Cl,Cid906
N(=NN(C)C)c1ccc(OC)cc1,Cid907
n1cnn(c1)CC2(OCC(O2)CC)c3ccc(cc3Cl)Cl,Cid908
O2c3ccccc3(Nc1ccccc1C2CCN(C)C),Cid909
O(c2cc(C=CC(N1CCOCC1)=S)cc(OC)c2(OC))C,Cid910
O=C(NCc1ccc(cc1)C(C)(C)C)c2c(c(nn2C)CC)Cl,Cid911
O=C(O)c2cccnc2(Nc1c(cccc1C)C),Cid912
n1cnc(N)c2nccnc12,Cid913
C1(=C(C2(C(CCl)C(CCl)C1(C2(Cl)Cl)Cl)Cl)Cl)Cl,Cid914
O=C(OCC)Nc1cccc3c1CN(C)CC3(c2ccc(cc2)Cl),Cid915
OC(C)(Cc1ccc(cc1)Cl)C(C)CN(C)C,Cid916
O=C(c1ccc(cc1)C)c2ccc(n2C)CC(=O)N3CCN(C)CC3,Cid917
O=C1N(c3ccc(cc3(C(=NC1)c2ccccc2(F)))Cl)CCN(CC)CC,Cid918
O=C(NN=C(C)C)CSc2ncnc(Oc1ccc(cc1)Cl)c2,Cid919
O=C(OC1CCC[N+](C)(C)C1)C(O)(c2ccccc2)c3ccccc3,Cid920
O=C(N)C1=CN(C)C2N(C1(=O))C(C)CCC2,Cid921
N(C1CCCCC1)C2CCCCC2,Cid922
C(=CCCl)CCl,Cid923
C(=Nc1c(cccc1C(C)C)C(C)C)=Nc2c(cccc2C(C)C)C(C)C,Cid924
O=S(=O)(Oc1nc(nc(c1CCCC)C)NCC)N(C)C,Cid925
N#CN=C1C=CC=CN1Cc2c(cccc2Cl)Cl,Cid926
OC(c1ccc(OCCN(CC)CC)cc1)(c2ccc(cc2)C)Cc3ccc(cc3)Cl,Cid927
O=C2c1ccccc1Sc3c(ccc(NCCN(CC)CC)c23)CO,Cid928
O=C(O)Cc2cc(ccc2(Oc1ccc(cc1Cl)CC))C,Cid929
c1ccc3c(c1)C4c2ccccc2C3(CNC)CC4,Cid930
O=C2c1ccccc1S(=O)(=O)N2CCCCNCC4Oc3ccccc3CC4,Cid931
O=C(O)CCC(=O)OC(COc1ccccc1CCc2cccc(OC)c2)CN(C)C,Cid932
N(=NN(C)C)c1cccc(c1)C,Cid933
OC(c1ccccc1)(c2ccccc2)C3CCNCC3,Cid934
O=C1C=CC(=O)N1c2ccccc2Cl,Cid935
c1ccc3c(c1)c2ccccc2n3CCCN4CC(NC(C)C4)C,Cid936
C=C(C(CCl)Cl)Cl,Cid937
O=C(NCCN(CC)CC)c1cc(c(N)cc1(OC))Cl,Cid938
c1cc(cc(c1)Cl)N2CCNCC2,Cid939
n2c(OCCCN(C)C)c1ccccc1n2Cc3ccccc3,Cid940
O=C(OC1CCCCC1)N2CCN(CC2)CCCC(=O)c3ccc(F)cc3,Cid941
O=C(OCC1CCCC[N+]1(C)(C))C(O)(c2ccccc2)c3ccccc3,Cid942
O=C(O)c1ccccc1(O),Cid943
O=C(O)CCCCCC(c1ccccc1)C=2C(=O)C(=C(C(=O)C=2C)C)C,Cid944
O=C(OCCCC(=O)N(C)C)C(Oc1ccc(cc1)Cl)(C)C,Cid945
O=C(O)c1ccccc1(O),Cid946
N(CCCC)C1CCCCC1,Cid947
O=C3N=C1c4ccccc4(N=CN1C3(=Cc2ccccc2)),Cid948
N(=CN(C)Sc1ccc(cc1)Cl)c2ccc(cc2C)C,Cid949
O=C4N2CCc1ccccc1C2CN(C(=O)C3CCCCC3)C4,Cid950
O=C(NC(C(=O)N(CCC)CCC)Cc1ccc(OCCN(CC)CC)cc1)c2ccccc2,Cid951
O=C(NC(C(=O)N(CCC)CCC)Cc1ccc(OCCN(CC)CC)cc1)c2ccccc2,Cid952
O=S(=O)(N(c1ccc(cc1)C)SC(F)(Cl)Cl)N(C)C,Cid953
n1ccccc1N(Cc2cccs2)CCN(C)C,Cid954
O(c1ccc(cc1)C(c2ccccc2)=C(c3ccccc3)CC)CCN(C)C,Cid955
Oc1cc(c(cc1Cl)Br)Cl,Cid956
O=C(O)COCCN1CCN(CC1)C(c2ccccc2)c3ccc(cc3)Cl,Cid957
OC(COc1cccc(c1)C)CNCCc2ccc(OC)c(OC)c2,Cid958
n1c(N)n(cc1C)c2c(cccc2Cl)Cl,Cid959
O=C(OC(C)C)COc1ccc(cc1Cl)Cl,Cid960
c1ccc2c(c1)c(cn2C)CCc3cc[n+](cc3)CCC[N+](C)(C)C,Cid961
n1ccccc1C(=CCN2CCCC2)c3ccc(cc3)C,Cid962
O=C(OCCCC)CCCOc1ccc(cc1Cl)Cl,Cid963
O=C(OCCN2CCN(Cc1ccccc1)CC2)C(c3ccc4cc(OC)ccc4(c3))C,Cid964
O=C(O)CCC3(O)(CCC2C4C5CC5(C1=CC(=O)CCC1(C)C4(CCC23(C)))),Cid965
O=C3c1c(ncn1CCNCc2cnccc2)N(C(=O)N3C)C,Cid966
O1CC(OC1(c2ccccc2)C3CCCCC3)C[N+]4(C)(CCCCC4),Cid967
O=C(OCCN2CCN(c1cccc(c1)Cl)CC2)C(c3ccc(cc3)CC(C)C)C,Cid968
Fc1ccc(N=NN(C)C)cc1,Cid969
O=[N+]([O-])c1cc(cc(c1Cl)[N+](=O)[O-])C(F)(F)F,Cid970
OC(c1ccccc1Cl)CNC(C)C,Cid971
n1ccccc1N(Cc2ccccc2)CCN(C)C,Cid972
N#CCC=C,Cid973
N=C(c1ccc(cc1)N(C)C)c2ccc(cc2)N(C)C,Cid974
Fc1cc(ccc1(OC))C(Oc2ccccc2)C3=NCCCN3,Cid975
O=C(OCC[N+]1(CC)(CCCCC1))C(O)(c2ccccc2)c3ccccc3,Cid976
O=C(NN=Cc1oc(cc1)[N+](=O)[O-])CN2CCOCC2,Cid977
O=NC(N)CNc1ccc(cc1)Cl,Cid978
O=C(Oc1cc(nn1c2ccccc2)C)N(C)C,Cid979
c1(c(c(c(c(c1Cl)Cl)S)Cl)Cl)Cl,Cid980
n1ccccc1N(Cc2ccc(OC)cc2)CCN(C)C,Cid981
C[N+](C)(C)CCCCCC[N+](C)(C)C,Cid982
O=NN(C)CC=C,Cid983
c1ccc(cc1)C(c2ccccc2)CC(NC(C)(C)C)C,Cid984
O=C(c1ccc(N)cc1)N(C)C2CN(CC2)C3CCCCC3,Cid985
O=C(C=1C(=O)C(C(=O)C(C=1(O))(CC=C(C)C)CC=C(C)C)CC=C(C)C)CC(C)C,Cid986
O=C(N(c1cc(OCC)ccc1(OCC))CCN(CC)CC)COc2ccc(OCCCC)cc2,Cid987
OC(c1ccccc1)(CN2CC[N+](C)(C)CC2)C3CCCCC3,Cid988
n1ccccc1C(C=3c2ccccc2CC=3CCN(C)C)C,Cid989
O=[N+]([O-])c1ccc(O)cc1,Cid990
O(c1ccc(cc1)C(OC)C3CCCCC3(N2CCCCC2))C,Cid991
OCCOCCN3CCN(CCOC(c1ccccc1)c2ccc(cc2)Cl)CC3,Cid992
O=C2c1c(ncn1C)N(C(=O)N2CCN4CCN(c3cccc(c3C)C)CC4)C,Cid993
O=C(C(c1ccccc1)c2ccccc2)SCCN(CC)CC,Cid994
O=C(OC2CC3C1OC1C(C2)[N+]3(C)(CCCCCCCCC))C(c4ccccc4)CO,Cid995
O=C(OCCCC)COc1cc(c(cc1Cl)Cl)Cl,Cid996
N=C(Nc1ccccc1C)Nc2ccccc2C,Cid997
O=C(OCCOCCCC)COc1ccc(cc1Cl)Cl,Cid998
O=C(OC)Nc1nc2ccc(cc2([nH]1))C(=O)c3ccc(F)cc3,Cid999
O=C(NN)CSc2ncnc(Oc1ccc(F)cc1)c2,Cid1000
N1=C(NCC1)Cc3c2ccccc2sc3C,Cid1001
O=C1N=C(NC(=O)C1(CC=C)CCSCCCC)S,Cid1002
O=C(Nc1cc(N)ccc1C(F)(F)F)c2cnccc2,Cid1003
N#CN=C(N(C)Cc1cnc(cc1)Cl)C,Cid1004
O(c1ccc3c(c1)Sc2ccccc2N3C4CN(C)CCC4)C,Cid1005
O=C(C=Cc1ccccc1)Nc2ccccc2SCCCN(C)C,Cid1006
N#Cc1ccc3c(c1)N(c2ccccc2S3)CCCN4CCC(O)CC4,Cid1007
O=C(Oc1ccc(cc1(OC(=O)C(C)C))CCNC)C(C)C,Cid1008
c1ccc3c(c1)N(c2ccccc2CC3)CC(C)CN(C)C,Cid1009
n1nc(ccc1N3CCN(CC=Cc2ccccc2)CC3)Cl,Cid1010
O=C3c1c(ncn1CC2SCCS2)N(C(=O)N3C)C,Cid1011
O=C2NN(c1ccccc1)CC2(C)CO,Cid1012
OCCOCCN1CCN(CC1)C(c2ccccc2)c3ccc(cc3)Cl,Cid1013
OC(c1ccc2ccccc2(c1))CNC(C)C,Cid1014
O=C(O)Cc2cc(ccc2(Oc1ccc(cc1Cl)C(C)CC))C,Cid1015
O=C(OCCOCCCC)COc1cc(c(cc1Cl)Cl)Cl,Cid1016
O=C(NCCN)CCc1cc(c(O)c(c1)C(C)(C)C)C(C)(C)C,Cid1017
C(=C(CCl)Cl)CCl,Cid1018
C(=C(C(Cl)Cl)Cl)(CCl)Cl,Cid1019
Oc1ccc3c(c1)C4(C)(CCN(CCc2ccccc2)C(C3)C4(C)),Cid1020
O=NN(C)Cc1ccccc1,Cid1021
O=C3Oc1cc(OC)ccc1C(c2ccc(OCC(O)CNCCCC)cc2)=C3c4ccccc4,Cid1022
O=[N+]([O-])c1ccc(c(c1)[N+](=O)[O-])Cl,Cid1023
O=C(OCC#CCN(CC)CC)C(O)(c1ccccc1)C2CCCCC2,Cid1024
O=C(c3ccc(OCCCCN2CCN(c1ccccc1)CC2)c(OC)c3)C,Cid1025
c1ccc3c(c1)N(c2cc(ccc2CC3)Cl)CCCN(C)C,Cid1026
CCCCCCCCCCCCCCCC[N+](C)(C)C,Cid1027
O=C(O)C(=C)CC(=O)c1ccc(cc1)c2ccccc2Cl,Cid1028
c1ccc(cc1)C3c2ccccc2C(N(C)C)C3,Cid1029
O=C1N=C(C(=NN1C)c2ccc(cc2)N(C)C)c3ccc(cc3)N(C)C,Cid1030
O=C(c1ccc(N)cc1)CCCC,Cid1031
O=[N+]([O-])c1cccc(c1)[N+](=O)[O-],Cid1032
O=C(OCCCOCCCC)CCOc1cc(c(cc1Cl)Cl)Cl,Cid1033
O=C(OC)c3ccccc3(C(=O)c2ccc(OCCN1CCCCC1)cc2),Cid1034
OCCOCCOCCN1CCN(CC1)C(c2ccccc2)c3ccc(cc3)Cl,Cid1035
O=C(NCCN(CC)CC)C(Oc1ccc(cc1)Cl)(C)C,Cid1036
O=C(Oc1cccc(c1)C(C)(C)C)N(C(=O)C)C,Cid1037
C(C(C(Cl)Cl)Cl)(C(Cl)Cl)Cl,Cid1038
O=C(c1ccc3c(c1)N(c2ccccc2S3)CCCN4CCC(CCO)CC4)C,Cid1039
Oc1ccc2c(c1)C3(C)(CCCCCC(C2)C3(N)),Cid1040
O=C(N)C3(N1CCCCC1)(CCN(CCCC(=O)c2ccc(F)cc2)CC3),Cid1041
O=[N+]([O-])c1cc(c(c(c1)[N+](=O)[O-])C)[N+](=O)[O-],Cid1042
O=C(c1ccccc1)N2C(=NCC2)Nc3c(cccc3Cl)Cl,Cid1043
O1c2ccc(C=CC(NC)=S)cc2(OC1),Cid1044
O(c4ccc3c(OC(C)(C)C(c1ccccc1)C3(c2ccc(OCCN)cc2))c4)C,Cid1045
[O-][N+]2=C(c1ccccc1)c3cc(ccc3(N=C(NC)C2))Cl,Cid1046
O1CCN(CC1)CCCN4c2ccccc2Sc3ccccc34,Cid1047
O=C(c1ccc3c(c1)N(c2ccccc2S3)CCCN4CCN(C)CC4)C,Cid1048
O=C3N(c1ccccc1)N(c2ccccc2)C(=O)C3Cc4ccccc4,Cid1049
O=C(NNc1ccc(N)cc1)C,Cid1050
OC3c2c(nc1ccccc1c2(N))CCC3,Cid1051
O1CC(OC1C(Cl)(Cl)Cl)CCl,Cid1052
C=C1C(C)(C)C2(C(C1(C(C2(Cl)Cl)(Cl)Cl)Cl)(Cl)Cl)Cl,Cid1053
N3=C2Nc1ccccc1CN2CC3,Cid1054
O=C(O)c1cc(cc(c1I)I)I,Cid1055
N#CC(C)C,Cid1056
O=C(c1ccc3c(c1)N(c2ccccc2S3)CCCN(C)C)C,Cid1057
O=C(O)c1cc(cc(c1I)I)I,Cid1058
O=C2c3ccccc3(Nc1cc(ccc1N2CCN(C)C)Cl),Cid1059
O=C(Oc1cccc(c1)C(C)C)N(C(=O)C(C)C)C,Cid1060
O(c1cc(c(cc1Cl)Cl)Cl)P(OC)(OC)=S,Cid1061
O=C(OC(C)C[N+](C)(C)C)N,Cid1062
c1cc(ccc1c2cn(c3ccc(cc23)Cl)N(CCN(CC)CC)CCN(CC)CC)Cl,Cid1063
Nc3cccc1c3([nH]c2c1CCCC2),Cid1064
O=C2c3ccccc3(C(=O)C2(=C1C=CN(C=C1)C(C)C)),Cid1065
O=C(OC(C)(C)CN1CCCCC1)c2cccc3C(=O)C(=C(Oc23)c4ccccc4)C,Cid1066
OCCOCCN1CCN(CC1)C(c2ccccc2)c3ccccc3,Cid1067
O=C(c1ccc(F)cc1)CCCN5CCN4Cc3[nH]c2ccccc2c3CC4C5,Cid1068
O=C(Nc1ncccc1)C3=C(O)c2ccccc2S(=O)(=O)N3C,Cid1069
O(c1ccc3c(c1)N(c2ccccc2S3)CC(C)CN(C)C)C,Cid1070
O=NN(Cc1ccccc1)CC,Cid1071
O=C(N)C=3C(=O)C4(O)(C(O)=C2C(=O)c1c(O)ccc(c1CC2CC4(C(C=3(O))N(C)C))N(C)C),Cid1072
O=C2c3ccccc3(C(=O)C2(c1ccc(cc1)Cl)),Cid1073
N#CC=CCC,Cid1074
N=1N=C(C)Cc3cc(OC)c(OC)cc3(C=1c2ccc(N)cc2),Cid1075
OC(c1ccc(cc1)Cl)(c2ccc(cc2)Cl)C(Cl)(Cl)Cl,Cid1076
O=C4c1c(ncn1CCCCN3CCN(c2ccc(F)cc2)CC3)N(C(=O)N4C)C,Cid1077
O(c1cc2c(cc1(OC))C(N(C)CC2)CCc3ccc(cc3)Cl)C,Cid1078
O=C2c3ccccc3(C(=O)C2(=C1C=CN(C=C1)CC)),Cid1079
O=C(Oc1cccc(c1)NC(=O)CC)NC,Cid1080
O=C(OCC)C(c1ccccc1)(CC=C)CCN(CC)CC,Cid1081
O=CN(c3ncnc1c3(ncn1C2CC2))C4CC4,Cid1082
O=P(OCCCl)(OCCCl)CCCl,Cid1083
O(c1cc(c(cc1C(C)C)Cl)C)P(OC)(OC)=S,Cid1084
O=C(NCCCN(CC)CC)C(Oc1ccc(cc1)Cl)(C)C,Cid1085
O=C3N(c1ccccc1)N(c2ccccc2)C(=O)C3CC4CC4(C)(C),Cid1086
O=C(OC3(C(=O)C)(CCC2C4C=C(C1=CC(=O)CCC1(C)C4(CCC23(C)))Cl))C,Cid1087
OC(c1ccccc1)CCN2CCN(CC2)CC(OC)c3ccccc3,Cid1088
O=C(c1ccc3c(c1)N(c2ccccc2S3)CC(N(C)C)C)CC,Cid1089
O=C(c1ccc3c(c1)N(c2ccccc2S3)CCCN4CCN(C)CC4)CC,Cid1090
O1c2ccc(cc2(OC1))CCC(N3CCCC3)CCc4ccc5OCOc5(c4),Cid1091
NC2Cc1ccccc1CC2,Cid1092
c1ccc4c(c1)C(=CC2CN(C)CC2)c3ccccc3CC4,Cid1093
O1CC(OC1C(CCl)Cl)C,Cid1094
n2c1ccc(OC)cc1c(N)c3c2CCCC3,Cid1095
OC(C(Oc1ccc(cc1)Cl)n2ncnc2)C(C)(C)C,Cid1096
c1ccc3c(c1)C(=CCCNC)c2ccccc2CC3,Cid1097
c1ccc3c(c1)C(=CCCNC)c2ccccc2CC3,Cid1098
C#CCN(C)Cc1ccccc1,Cid1099
O=C(O)C[N+](C)(C)CCCCCCCCCCCCCCCC,Cid1100
O=C(OCC)Nc1ccc4c(c1)N(C(=O)CCN2CCOCC2)c3ccccc3S4,Cid1101
OC(CN2c1ccccc1N(CCC2)CC(O)CCl)CCl,Cid1102
O=S(=O)(OCCCN(c1ccccc1)CCCOS(=O)(=O)C)C,Cid1103
c1ccc(cc1)CC(N2CCCC2)CCC,Cid1104
O=C(c1cccc(c1(O))c2ccccc2)N(C)C,Cid1105
N#CCCN2CC=C(c1cccc(c1)C(F)(F)F)CC2,Cid1106
N1=C(NCCC1)C(OCC)c2c(cccc2Cl)Cl,Cid1107
O=C3OC(CCC2C(C=CC1=CC(C)CC(OC(=O)C(C)(C)CC)C12)C)CC(O)C3,Cid1108
O(c4ccc3c(OC(C(c1ccccc1)=C3(c2ccc(OCC=C)cc2))(C)C)c4)C,Cid1109
OC(c1ccc(cc1)C(C)(C)C)CCCN2CCC(CC2)C(O)(c3ccccc3)c4ccccc4,Cid1110
c1ccc3c(c1)C4=C(c2ccccc2C3)CCN(C)C4,Cid1111
O=C(Oc1ccc(O)c2ccccc12)NC,Cid1112
O(C)P(OC)(OC)=S,Cid1113
NNCCc1ccccc1,Cid1114
O(C)P(OC)(OC(C)(C)C1CC=C(C)CC1)=S,Cid1115
O=C1c3cc(N)ccc3(N=C(N1c2ccccc2C)CF),Cid1116
O=S(c3ccc(c1nc2ncccc2([nH]1))c(OC)c3)C,Cid1117
O=C2Nc1ccc(cc1CC2)CCCN4CCN(c3ccccc3)CC4,Cid1118
O=C1C=Cc2cc(ccc2(N1))C(O)C(N4CCN(c3cccc(c3)Cl)CC4)CC,Cid1119
O=S3c1c(ccs1)C(=CCCN(C)C)c2ccccc2C3,Cid1120
O=C1N=C(O)NC(=O)C1(CC)CC,Cid1121
N(C)(C)C(C)CCl,Cid1122
c1ccc(cc1)CN(C)C(C)Cc2ccccc2,Cid1123
O=C5NC4(CCN(CCCN3c1ccccc1Sc2ccc(cc23)Cl)CC4)SC5,Cid1124
O(c3ccc4C(c1ccc(OCCN(CC)CC)cc1)=C(c2ccccc2)CCc4(c3))C,Cid1125
C(#CC(C)(C)C)C=CCN(C)Cc2cccc1ccccc12,Cid1126
c1ccc(cc1)CN(C)C(C)Cc2ccccc2,Cid1127
O=C3c4ccccc4(C(=O)C3(=C1C=CN(C(=C1)C)CCN2CCCCC2)),Cid1128
Nc1ccc(c2ccccc12)N(C)C,Cid1129
O=C4Nc3ccc(C=CCN2CCN(c1cccc(c1)C)CC2)cc3CC4,Cid1130
O=P(OC(C)CCl)(OC(C)CCl)OC(C)CCl,Cid1131
OC(C)C3C(c1ccccc1)N(c2ccccc2S3)CCCN(C)C,Cid1132
O=C2Nc1ccc(cc1CC2)CCCCN4CCN(c3ccccc3Cl)CC4,Cid1133
O=P(F)(OC(C)C)OC(C)C,Cid1134
O=C3Nc1ccccc1SC(c2ccccc2)C3CN4CCN(C)CC4,Cid1135
N1=C(NCC1)C(Oc2c(cccc2Cl)Cl)C,Cid1136
O=C(O)CCCC=CCC1C(=O)CC(C)C1(C=CC(O)C(C)(C)CCCC),Cid1137
O=C(OCCC)CC(C(=O)OCCC)SP(OC)(OC)=S,Cid1138
n1ccc(N)c(c1)C,Cid1139
O=C(OCCN3CCN(CCOC(=O)C(c2cccc1ccccc12)C)CC3)C(c5cccc4ccccc45)C,Cid1140
O(c1c(cc(cc1Br)Br)COCCN(CC)CC)CCCCC,Cid1141
O=C(OC)CCCC=CCC1C(=O)CCC1(C#CC(O)C(C)CCCC),Cid1142
c1ccc3c(c1)C(=CCCN(C)C)c2ccccc2CC3,Cid1143
O=C2Nc1ccc(cc1CC2)C(=O)CCCN4CCN(c3ccccc3)CC4,Cid1144
c1ccc3c(c1)C(=CCCN(C)C)c2ccccc2CC3,Cid1145
O=C2Nc1ccc(cc1CC2)C(=O)CCCN4CC=C(c3ccccc3)CC4,Cid1146
FC(F)(F)c1ccc3c(c1)N(c2ccccc2S3)CCCN(C)C,Cid1147
O=C(O)C(NC(=O)C)Cc2c[nH]c1ccccc12,Cid1148
N1=C(NCCC1)C(OCC)c2ccc(c(c2)Cl)Cl,Cid1149
N#CCN(N=O)C,Cid1150
OCC[N+](Cc1ccccc1)(CCO)CCCCCCCCCCCC,Cid1151
O=C2Nc1ccc(cc1CC2)C(=O)CCN4CCC(Cc3ccccc3)CC4,Cid1152
O1c2ccc(cc2(OC1))CCC(CCc3ccc4OCOc4(c3))CCCN(C)C,Cid1153
O=C(OC(OC(=O)C(c1ccc(c(F)c1)c2ccccc2)C)C)C,Cid1154
O=P(OCC(C)Cl)(OCC(C)Cl)OCC(C)Cl,Cid1155
O(C(c1cccc(c1)Cl)CBr)C(C)CC,Cid1156
O=C(Oc1cc(ccc1C(C)C)C)NC,Cid1157
c1ccc3c(c1)N(c2ccccc2S3)CCCN(C)C,Cid1158
c1ccc3c(c1)N(c2ccccc2S3)CCCN(C)C,Cid1159
OC2c4ccccc4(C(c1ccccc12)=C3CCN(C)CC3),Cid1160
O=C(NC3CC2N(Cc1ccccc1)C(CC2)C3)c4cccc(OC)c4(OC),Cid1161
c1ccc3c(c1)C=Cc2ccccc2C3CCCNC,Cid1162
O=C(Oc1ccc(cc1)C(C)CC)NC,Cid1163
c1ccc3c(c1)C(c2ccccc2S3)=C4CCN(C)CC4,Cid1164
c1ccc3c(c1)C(c2ccccc2S3)=C4CCN(C)CC4,Cid1165
N#CC(c1ncccc1)(c2ccccc2)CCN(C(C)C)C(C)C,Cid1166
O=C(NC(=N)NC)Nc1c(cccc1C)C,Cid1167
O=C(OCC[N+](C)(CC)CC)C2c3ccccc3(Oc1ccccc12),Cid1168
O(c1cc(ccc1C)C(C)C)P(OC)(OC)=S,Cid1169
O=C1c2ccc4c3c(ccc(C(=O)C1(Cl)Cl)c23)CC4,Cid1170
O=C(Oc3ccc4nc2C1=CC5=C(C(=O)N1Cc2c(c4(c3))CC)COC(=O)C5(O)CC)N7CCC(N6CCCCC6)CC7,Cid1171
c1ccc3c(c1)N(c2cc(ccc2S3)Cl)CCCN4CCN(C)CC4,Cid1172
O=C(N)C5(N1CCCCC1)(CCN(CCCN4c2ccccc2CCc3ccccc34)CC5),Cid1173
O=C(Oc1cccc2ccccc12)N(C)CO,Cid1174
O=C2Nc1ccc(cc1CC2)C(O)CCN4CCN(c3cccc(c3C)C)CC4,Cid1175
N1=C(NCC(C)(C1)CC)C(OCC)c2ccccc2,Cid1176
c1ccc(cc1)C3(C=Cc2ccccc23)CCN(C)C,Cid1177
O=C(O)Cc2cc(O)ccc2(Nc1c(cc(O)cc1Cl)Cl),Cid1178
O=C(N(c1ccc(cc1)Cl)C2CCN(CC2)C(C)C)Cc3ccccc3,Cid1179
OCC3(CC)(CCCN2CCc1c4ccccc4([nH]c1C23)),Cid1180
O=S3c1ccccc1N(c2cc(ccc23)Cl)CCCN4CCN(CCO)CC4,Cid1181
OC(c1ccc(cc1)N(C)C)(c2ccc(cc2)N(C)C)c3ccc(cc3)N(C)C,Cid1182
Nc1ccc(N)cc1,Cid1183
O=C(c1ccc(F)cc1)CCCN3CCC(O)(c2ccc(cc2)C)CC3,Cid1184
O=C(O)C2c1cc(N)c(cc1CC2)C3CCCCC3,Cid1185
O(CCCl)CCCl,Cid1186
O=C(Nc1c(cccc1C)C)CC23(N(CCC2)CCC3),Cid1187
O=C(O)COC(=O)Cc2ccccc2(Nc1c(cccc1Cl)Cl),Cid1188
O(c1ccc(cc1)C3c2ccccc2C(N(CC)CC)C3)CC,Cid1189
O=C(OCC)Nc1ccc3c(c1)N(C(=O)CN(C)C)c2ccccc2CC3,Cid1190
O=C(O)Cc1ccc(cc1)c2ccccc2(F),Cid1191
N#CC(c1ccccc1)(CC(N(C)C)C)C(C)C,Cid1192
O=C(O)Cc2cc(O)ccc2(Nc1c(cccc1Cl)Cl),Cid1193
NNC(C)Cc1ccccc1,Cid1194
N#CNC(=Nc1cnccc1)N(C(=O)C)C(C)(C)C,Cid1195
O=C(OCC(=O)OC2CCC3C4CCc1cc(O)ccc1C4(CCC23(C)))CCCc5ccc(cc5)N(CCCl)CCCl,Cid1196
O(c1c(cc(cc1Cl)C)Cl)P(OC)(OC)=S,Cid1197
N=2c1ccccc1Sc4ccc(cc4(C=2N3CCN(C)CC3))C,Cid1198
O(c1cc4c3c(c1(OC))c2ccccc2CC3N(C)CC4)C,Cid1199
FC(F)(F)c1ccc(cc1)C3(O)(c4ccccc4(C2=NCCN23)),Cid1200
c1ccc3c(c1)C=Cc2ccccc2C3=C4CCN(C)CC4,Cid1201
O=C(O)Cc2ccccc2(Nc1c(cc(O)cc1Cl)Cl),Cid1202
c1ccc(cc1)C[N+](C)(C)CCCCCCCCCCCCCCCCCC,Cid1203
O=C1CCC5C4N(C)CCC25(c3c(OC12)c(OC)ccc3C4),Cid1204
Oc1cccc(c1)C2(CCN(C)CC2(C))(CCC),Cid1205
O=C(O)CCCC=CCC1C(O)CC(O)C1(C=CC(O)CCCCC),Cid1206
c1ccc(cc1)c3cc(c2ccccc2)[n+](n3C)C,Cid1207
c1cc(cc2NC(Nc12)=S)Cl,Cid1208
O=C1C=CC(=NN1c2ccccc2)OP(OCC)(OCC)=S,Cid1209
O=C1c3ccccc3(N=C(N1c2ccc(cc2C)Br)C),Cid1210
O=C(Oc1cc(cc(c1)C(C)C)C)NC,Cid1211
O=C(Oc1ccccc1(OC(C)C))N(C(=O)CSC)C,Cid1212
Fc3ccc4C(=CCCN1CCC(CCO)CC1)c2cc(ccc2Sc4(c3))C(F)(F)F,Cid1213
c1ccc(cc1)N(CCCN(CC)CC)C3Cc2ccccc2C3,Cid1214
O=C(OCCOCCN(CC)CC)C(c1ccccc1)(CC)CC,Cid1215
c1ccc(cc1)C[P+](c2ccccc2)(c3ccccc3)c4ccccc4,Cid1216
Nc1ccc3c(c1)c2ccccc2n3CC,Cid1217
O(CCCC)C(c1ccc(cc1)C2CCCC2)CBr,Cid1218
OCC(CCl)Cl,Cid1219
O=C(Oc1c(cc(cc1C(C)CC)[N+](=O)[O-])[N+](=O)[O-])SCC,Cid1220
O=C(NP(=O)(OCC)SC)C,Cid1221
N#CC(c1ccccc1)(c2ccccc2)CCN4CCC(C(=O)N)(N3CCCCC3)CC4,Cid1222
O=C(O)c1ccc(N=NN(C)C)cc1,Cid1223
O(CCCCCCCCCCCC)C(c1ccc(cc1)C(C)C)CBr,Cid1224
O(CC(C)C)P(OCC(C)C)(=S)S,Cid1225
O(CCCCC)C(c1ccc(cc1)C(C)C)C[n+]2ccccc2,Cid1226
O(c1ccc2c(c1)C34(CCN(C)C(C2)C4(CCCC3)))C,Cid1227
OC(c1ccccc1)(c2ccccc2)C3NCCCC3,Cid1228
O=C(Oc1ccc(cc1)N(CC=C)CC=C)NC,Cid1229
N1=C(NCC(C)(C)C1)C(OCC)c2ccc(cc2)Cl,Cid1230
O(c1cc(N)ccc1(N))C,Cid1231
N#CC(OC(=O)C1C(C=C(Cl)Cl)C1(C)(C))c3nc(Oc2ccccc2)ccc3,Cid1232
O=NN(c1ncccc1)C,Cid1233
N(=C(NCCC)C(OCC)c1ccc(cc1)Cl)CCC,Cid1234
O=C(NCC)CSP(OC)(OC)=S,Cid1235
O(c5ccc4c(OC(C)(C)C(c1ccccc1)C4(c3ccc(OCCN2CCCC2)cc3))c5)C,Cid1236
O=NN(C(=O)NCCCCCS(=O)(=O)N(C)C)CCCl,Cid1237
OC1C=CC5C4N(C)CCC25(c3c(OC12)c(OCC)ccc3C4),Cid1238
O(c5ccc4c(OC(C)(C)C(c1ccccc1)C4(c3ccc(OCCN2CCCC2)cc3))c5)C,Cid1239
N1=C(N(CCCC)CC(C)C1)C(OCC)c2ccccc2,Cid1240
O=C2c1ccccc1N(c3cccc(c23)[N+](=O)[O-])CCN(C)C,Cid1241
N#CC(OC(=O)C1C(C=C(C)C)C1(C)(C))c3cccc(Oc2ccccc2)c3,Cid1242
O=C(O)C(c2ccc3Oc1ccccc1CC(=O)c3(c2))C,Cid1243
O=C(O)C(c2ccc(C(=O)c1ccccc1)s2)C,Cid1244
O(CCCCC)C(c1ccc(cc1)C2CCCCC2)CBr,Cid1245
O=C(OCC)CCl,Cid1246
O=C(O)Nc1c(cc(OC(=O)NC)cc1C)C,Cid1247
O=C(Oc2cccc1c2(ccs1))NC,Cid1248
O=C(OCC)CC(C(=O)OCC)SP(C)(=S)SCCC,Cid1249
Fc3ccc4C1=NCCN1C(O)(c2ccccc2)c4(c3),Cid1250
N1=C(NCC(C)(C)C1)C(OCC)(c2ccc(cc2)Cl)CC,Cid1251
c1ccc3c(c1)N(c2ccccc2S3)CC4CN(C)CC4,Cid1252
O=C(OC)C=CCCCCC1C(=O)CC(O)C1(C=CC(O)C(C)(C)CCCC),Cid1253
O=C(O)CC2(OCCc1c3ccccc3([nH]c12))CCC,Cid1254
N=2c1ccccc1Sc4ccc(cc4(C=2N3CCN(C)CC3))Cl,Cid1255
c1ccc2c(c1)[nH]cc2C3CN(C)CC3,Cid1256
O=C(O)C(c1ccc3c(c1)C(=O)Cc2cc(ccc2S3)C)C,Cid1257
O=C(c1ccc(F)cc1)CCCN3CCC(O)(c2cccc(c2)C(F)(F)F)CC3,Cid1258
O=C(O)C(c1ccc3c(c1)CC(=O)c2ccccc2S3)C,Cid1259
Oc1c(OC)ccc3c1c2cc(OC)ccc2CCN(C)C(C3)CCc4ccccc4,Cid1260
O(CC(CC)CCCC)C(c1cccc(c1)C2CCCCC2)CBr,Cid1261
O=C(OCC)Nc1ccc4c(c1)N(C(=O)CCN2CCOCC2)c3ccccc3CC4,Cid1262
O=C(OCCN(CC)CC)C(c1ccccc1)(c2ccccc2)CCC,Cid1263
OC3(c1ccccc1)(c4ccccc4(C2=NCCN23)),Cid1264
O=C(Oc1cccc(OCC#C)c1)NC,Cid1265
c1ccc3c(c1)N(c2cc(ccc2S3)Cl)CCCN(C)C,Cid1266
O=C1NC(=O)C(C(=O)N1)(CC=C)C(C)CC,Cid1267
O=C(O)Cc2ccc3C(=O)c1ccccc1COc3(c2),Cid1268
O=C2Oc1cc(OP(=O)(OCC(C)Cl)OCC(C)Cl)ccc1C(=C2Cl)C,Cid1269
O=P(Oc1ccc(cc1Cl)Br)(OCC)SCCC,Cid1270
O=C2c1[nH]c(nc1N(C(=O)N2CCC)CCCC)C,Cid1271
O(CCCCC)C(c1ccc(cc1)C2CCCCC2)C[n+]3ccccc3,Cid1272
O=C(OCCCCCCCCC)C2=CN=CC(C(=O)NC1CCCC1)C2c3ccccc3[N+](=O)[O-],Cid1273
O=P(Oc1ccc(cc1Cl)Cl)(OCC)OCC,Cid1274
N#CSCC(N(C)C)CSC#N,Cid1275
O=C(Oc1ccccc1(OCC=C))NC,Cid1276
O=C(NC)CSP(OC)(OC)=S,Cid1277
n1ccccc1C(c2ccc(cc2)Cl)CCN(C)C,Cid1278
O=C(OC2CCN1CC=C(COC(=O)C(O)(C(OC)C)C(O)(C)C)C12)C(=CC)C,Cid1279
n1ccccc1C(c2ccc(cc2)Cl)CCN(C)C,Cid1280
O(CCCCCCCC)C(c1ccc(cc1)C2CCCC2)C[n+]3ccccc3,Cid1281
O(CC(CC)CCCC)C(c1ccc(cc1)CCCCCC)C[n+]2ccccc2,Cid1282
O=P(Oc1nc(nc(c1)C)SCC)(OCC)CC,Cid1283
O=C(O)CCC(=O)c1ccc(c(c1)Cl)C2CCCCC2,Cid1284
O=C(N(C)C)C(c1ccccc1)(c2ccccc2)CCN4CCC(O)(c3ccc(cc3)Cl)CC4,Cid1285
O=C(N(C)C)C(c1ccccc1)(c2ccccc2)CCN4CCC(O)(c3ccc(cc3)Cl)CC4,Cid1286
O=C(OC)C3C(OC)C(O)CC4CN2CCc1c5ccc(OC)cc5([nH]c1C2CC34),Cid1287
O=P(OC(c1ccc(cc1Cl)Cl)=C(Cl)Cl)(OC)OC,Cid1288
O=C(Oc1ccccc1(OC(OC)CCl))NC,Cid1289
O=NN(C(=O)NCCS(=O)(=O)N(CC)CC)CCCl,Cid1290
O1CC(CC)C(OP1(=S)Cl)CCC,Cid1291
O=C(N(c1ccccc1Cl)CSP(OC)(OC)=S)CCC,Cid1292
O=C(Oc1cccc(c1)C(CC)CC)NC,Cid1293
n1c(OP(OCC)(OCC)=S)cc(nc1C(C)C)C,Cid1294
O=C(Oc1c(cc(cc1C(C)CC)[N+](=O)[O-])[N+](=O)[O-])C=C(C)C,Cid1295
O=C(NCOC)CSP(OC)(OC)=S,Cid1296
O(C)P(OC)(=S)SCSc1ccc(c(c1)Cl)Cl,Cid1297
O=C(O)c5ccccc5(OC(=O)c4ccccc4(OC(=O)Cc3c1cc(OC)ccc1n(C(=O)c2ccc(cc2)Cl)c3C)),Cid1298
O=[N+]([O-])c1cc(ccc1(OP(OC)(NC(C)C)=S))C,Cid1299
O=C(Oc1c(cc(cc1C(C)CC)[N+](=O)[O-])[N+](=O)[O-])C,Cid1300
O=[N+]([O-])c1cc(c(O)c(c1)C(C)C)[N+](=O)[O-],Cid1301
Oc1ccc(cc1CN(CC)CC)c2ccccc2,Cid1302
O=C(Oc1c(ccc(c1Cl)C)C(C)C)NC,Cid1303
O=CN(C(=O)CSP(OC)(OC)=S)C,Cid1304
O=P(OC)(OC1CCCCC1)Sc2ccc(cc2)Cl,Cid1305
O=C(O)c4ccccc4(OC(=O)Cc3c1cc(OC)ccc1n(C(=O)c2ccc(cc2)Cl)c3C),Cid1306
O=C(O)C2C1OC(CC1)C2(C(=O)O),Cid1307
O=C(O)C(F)(F)C(F)(F)C(F)(F)C(F)(F)C(F)(F)C(F)(F)C(F)(F)C(F)(F)C(F)(F)C(F)F,Cid1308
O=[N+]([O-])c1ccc(cc1(OP(OCC)(NC(C)CC)=S))C,Cid1309
N#Cc1ccc(OP(=O)(OC)CC)cc1,Cid1310
O(C)P(CC)(=S)Sc1ccc(cc1)C,Cid1311
O=S(CC)CCOP(OC)(OC)=S,Cid1312
Oc1ccc(cc1CN2CCOCC2)c3ccccc3,Cid1313
O=C(OC)c1ccc(N=NN(C)C)cc1,Cid1314
O=C(NP(=O)(OC)SC)CCCCCCCCC,Cid1315
O=[N+]([O-])c1ccc(OP(OC)(OC)=S)c(c1)Cl,Cid1316
N#CC(OC(=O)C1C(C=NOCC(C)(C)C)C1(C)(C))c3cccc(Oc2ccccc2)c3,Cid1317
O=[N+]([O-])c1cc(c(O)c(c1)C(C)(C)C)[N+](=O)[O-],Cid1318
O(C)P(OC)(=S)SC2c1ccccc1SCC2,Cid1319
O=P(O)(OCC)Sc1ccc(cc1)C,Cid1320
O=C2c1[nH]c(nc1N(C(=O)N2CCC)CC(C)C)C,Cid1321
O=[N+]([O-])c1ccc2OP(OCc2(c1))(NC(C)CC)=S,Cid1322
O=C(N)C(c2cccc1ccccc12)(CC=C(C)C)CCN3CCOCC3,Cid1323
O=C(N(C)C)C(c1ccccc1)(c2ccccc2)CCN4CCC(O)(c3ccc(c(c3)C(F)(F)F)Cl)CC4,Cid1324
O=[N+]([O-])c1cc(c(OC)c(c1C)[N+](=O)[O-])C(C)(C)C,Cid1325
O=C(OC)C4=C(NC(=C(C(=O)OC2CN(Cc1ccccc1)CC2)C4(c3cccc(c3)[N+](=O)[O-]))C)C,Cid1326
O=[N+]([O-])c1ccc(OCC)c(c1)CNCCO,Cid1327
OC1C=CC5C4N(C)CCC25(c3c(OC12)c(OC)ccc3C4),Cid1328
O=C(N)C(c2cccc1ccccc12)(CC=C(C)C)CCN3CCCCC3,Cid1329
O(c1cc(c(cc1Cl)Cl)Cl)P(OC)(NCC)=S,Cid1330
O=C1Oc3ccccc3(C(O)=C1C(c2ccccc2)CC(=O)C),Cid1331
O=[N+]([O-])c1cc(c(O)c(c1)C2CCCCC2)[N+](=O)[O-],Cid1332
O=C1Oc3ccccc3(C(O)=C1C(c2ccccc2)CC(=O)C),Cid1333
O=C1N=C(O)NC(=O)C1(CC)C(C)CCC,Cid1334
O=C(OC(C)C)c1ccccc1(OP(OCC)(NC(C)C)=S),Cid1335
O=C(Oc1ccccc1C2OCC(O2)(C)C)NC,Cid1336
O(c1ccc(cc1Cl)Cl)P(OC)(NC(C)C)=S,Cid1337
O=C1c2ccccc2(N=NN1CSP(OCC)(OCC)=S),Cid1338
O=P(OCC)(OCC)SCc1ccccc1,Cid1339
O=C(Oc1ccccc1C2OCCCO2)NC,Cid1340
O=C(Oc1cccc(c1Cl)C(C)C)NC,Cid1341
O=C(Oc1ccccc1C2SCCS2)NC,Cid1342
O=C(OC(c1ccccc1)C)C=C(OP(=O)(OC)OC)C,Cid1343
O=[N+]([O-])c1cc(OP(OCC)(OCC)=S)c(cc1Cl)Cl,Cid1344
O=C(OCC)C(c1ccccc1)SP(=O)(OC)OC,Cid1345
Oc1ccc(cc1CN2CCCC2)c3ccccc3,Cid1346
O(CC)P(NCCCC)(=S)Sc1ccccc1,Cid1347
O=C(OCc1ccc(cc1)Cl)C=C(OP(=O)(OC)OC)C,Cid1348
O=C1C=CC(=NN1CSP(OC(C)C)(OC(C)C)=S)Cl,Cid1349
O=C(N1CCCC1)C(c2ccccc2)(c3ccccc3)C(C)CN4CCOCC4,Cid1350
O=C(NP(=O)(OC)SC)CCCCC,Cid1351
n1c(nc(cc1C)C)SP(OCC)(OC(C)C)=S,Cid1352
O(CC)P(=S)(SCC)SCC,Cid1353
FC(F)(F)c1nc2ccccc2([nH]1),Cid1354
O=C(OCCCCCCCCCCCCCCCCCC)Cc1ccc(cc1)N(CCCl)CCCl,Cid1355
O=C(OCCCCCCCCCC)Cc1ccc(cc1)N(CCCl)CCCl,Cid1356
O(C(C)C)P(CCl)(=S)Sc1ccc(cc1)C,Cid1357
O=C2Oc1cc(OP(=O)(OCC)OCC)ccc1C(=C2Cl)C,Cid1358
O=[N+]([O-])c1ccc2OP(OCc2(c1))(N(CC)CC)=S,Cid1359
O=C(OCC)C(c1ccccc1)SP(=O)(OC)SC,Cid1360
O=[N+]([O-])c1ccc(cc1)CSP(OCC)(OCC)=S,Cid1361
O=C(OCCCCCCCCCCC)Cc1ccc(cc1)N(CCCl)CCCl,Cid1362
O(CC)P(CC)(=S)Sc1ccc(cc1)C,Cid1363
O=C(Oc1ccc2c(c1)C3(C)(CCN(C)C3(N2C)))NC,Cid1364
O=C(OCCCCCCCCCCCC)Cc1ccc(cc1)N(CCCl)CCCl,Cid1365
O=[N+]([O-])c1ccc(OCC)c(c1)CNCCCl,Cid1366
Oc1c(c(c(c(c1Cl)Cl)Cl)Cl)Cl,Cid1367
O(C)P(CC)(=S)Sc1ccccc1,Cid1368
O=C(Oc2cccc1c2(OC(C)(C)C1))N(C)Sc3ccc(cc3)[N+](=O)[O-],Cid1369
O=[N+]([O-])c1cc(c(O)c(c1)C)[N+](=O)[O-],Cid1370
O=P(OCC)(SC(C)CC)SC(C)CC,Cid1371
n1cc(nc2ccccc12)OP(OC)(OC)=S,Cid1372
O=C(Oc1cccc2OC(Oc12)(C)CC)NC,Cid1373
OCC(CO)(CCl)CCl,Cid1374
O=C2c3ccc(OC)c(c3(OC(c1ccccc1)=C2C))CN(C)C,Cid1375
O=C(OCCN1CCN(CC1)CCCN4c2ccccc2Sc3ccc(cc34)C(F)(F)F)CCCCCC,Cid1376
O=[N+]([O-])c1cc(c(O)c(c1)C(C)CC)[N+](=O)[O-],Cid1377
O=C(Oc2cccc1c2(OC(C)(C)C1))NC,Cid1378
O=P(OC=CCl)(OCC)N(CC)CC,Cid1379
N#Cc2ccc(OP(Oc1ccccc1)(C)=S)cc2,Cid1380
FC(F)(F)c1nc2c([nH]1)c(c(OC)c(OC)c2Cl)Cl,Cid1381
O=C2Oc1cc(OP(OCC)(OCC)=S)ccc1C3=C2CCCC3,Cid1382
O=P(OC(=CCl)c1ccc(cc1Cl)Cl)(OCC)OCC,Cid1383
O=C1c2ccccc2(C(=O)N1CSP(OC)(OC)=S),Cid1384
O=S(c1ccc(OP(OC)(C)=S)cc1C)C,Cid1385
O=C(Oc2cccc1c2(OC(C)(C)C1))N(C)SCCCC,Cid1386
O=P(OC)(OC)SCCC,Cid1387
O=[N+]([O-])c1ccc(OP(OC)(CC)=S)c(c1)Cl,Cid1388
O=C1C=C(C(=NN1CSP(OC)(OC)=S)Cl)C,Cid1389
O=C(OCC)c1ccc2nc([nH]c2(c1))C(F)(F)F,Cid1390
O=CN(CC)P(OCC)(=S)SC(C)CC,Cid1391
O=C2Oc1cc(OP(OCC)(OCC)=S)ccc1C(=C2Cl)C,Cid1392
O(C)P(C)(=S)SCSc1ccc(cc1)Cl,Cid1393
O=P(OCC)(OCC)SCC#C,Cid1394
O(c1cc(c(cc1Cl)Cl)Cl)P(CC)(CC)=S,Cid1395
O=[N+]([O-])c1ccc(OP(OCC(=C)Cl)(C)=S)cc1,Cid1396
O=P(OC=C(Cl)Cl)(OCC)OCCCl,Cid1397
O=C(Oc1cccc(N=CN(C)C)c1)NC,Cid1398
O(C)P(OC)(=S)SCSc1ccc(cc1)Cl,Cid1399
O=C(OC)c1ccc2nc([nH]c2(c1))C(F)(F)F,Cid1400
O=[N+]([O-])c2ccc(OP(Oc1ccc(cc1)[N+](=O)[O-])(OC)=S)cc2,Cid1401
O=P(OC(c1ccc(cc1Cl)Cl)=C(Cl)Cl)(OCC)OCC,Cid1402
O(c1cc(c(cc1Cl)Br)Cl)P(OC(C)C)(C)=S,Cid1403
O=P(OC)(OC)SCCS(=O)(=O)CC,Cid1404
O=C1c2ccccc2(C(=O)N1C(CCl)SP(OCC)(OCC)=S),Cid1405
FC(F)(F)c1nc2c(O)ccc(O)c2([nH]1),Cid1406
O=[N+]([O-])c1ccc(OP(OCC)(OCC)=S)cc1Cl,Cid1407
O=C(Oc2cccc1c2(OC(C)(C)C1))N(C)Sc3ccc(cc3)C,Cid1408
O=P(OC)(SCCC)SCCC,Cid1409
O=C(O)CCCc3cccc1c3(OC2CC(O)C(C=CC(O)C(C)CC#CC)C12),Cid1410
O(CC)P(OCC)(=S)SCSc1ccc(cc1)Cl,Cid1411
O=P(Oc1ccc(c(c1)C)SC)(OCC)NC(C)C,Cid1412
O=P(OC=C(Cl)Cl)(OCC)OCC,Cid1413
O=C(Oc2cccc1c2(OC(C)(C)C1))N(C)SCC,Cid1414
OC(=NC)ON=C1C(OCS1)CCC,Cid1415
O=C1C(OC)=C(OP(OCCC)(OCCC)=S)C=NN1C,Cid1416
FC(F)(F)c1nc2ccc(cc2([nH]1))Br,Cid1417
O=C(OC)C=C(OP(=O)(OCC)OCC)CC(=O)OC,Cid1418
O=S(CC)CC(C)SP(=O)(OC)OC,Cid1419
FC(F)(F)c1nc2cc(O)c(cc2([nH]1))Cl,Cid1420
O=P(CC)(SCC)SCC,Cid1421
O(CC)P(CC)(=S)Sc1ccc(cc1)Cl,Cid1422
O=C1c2ccccc2(C(=O)N1CSP(OC(C)C)(CC)=S),Cid1423
O=C(ON=C1C(OC(CC)S1)C)NC,Cid1424
O(CC)P(CC)(=S)Sc1ccccc1,Cid1425
O=S(CC)CCOP(OCC)(OCC)=S,Cid1426
O=[N+]([O-])c2c(c1nc([nH]c1c(c2Cl)Cl)C(F)(F)F)Cl,Cid1427
FC(F)(F)c2nc1c(cc(c(OC)c1Cl)Cl)[nH]2,Cid1428
O=C(ON=C1C(OC(C)S1)CC)NC,Cid1429
O=P(OCC)(OCC)OP(OCC(C)C)(CCl)=S,Cid1430
O=C(ON=C1CS(=O)CCS1)NC,Cid1431
O=C1c2ccccc2(C(=O)N1CSP(OC)(CC)=S),Cid1432
O=[N+]([O-])c1ccc(OP(OCCC)(C)=S)cc1,Cid1433
O=P(OCC)(CC)SC,Cid1434
O=P(OCC)(C)SCC,Cid1435
O=C1C(OC)=C(OP(OC(C)C)(OC(C)C)=S)C=NN1C,Cid1436
O=P(OCC)(OCC)OP(=O)(OCC)OCC,Cid1437
O=P(Oc1ccc(c(c1)C)SC)(OCC)OCC,Cid1438
O(CC)P(OCC)(=S)SC1CCSC1,Cid1439
O=C1C(OC)=C(OP(OC)(OC)=S)C=NN1C,Cid1440
O=[N+]([O-])c1ccc(cc1)SP(=O)(OCC)OCC,Cid1441
O=P(OCC)(OCC)SCC(C)(SCC)SCC,Cid1442
O=P(N=C1SCCS1)(OCC)OCC,Cid1443
O=P(OCC)(OCC)SCSP(=O)(OCC)OCC,Cid1444
O=[N+]([O-])c1c2nc([nH]c2(cc(c1Cl)Cl))C(F)(F)F,Cid1445
O=[N+]([O-])c1ccc(OP(=O)(OCC)OCC)cc1Cl,Cid1446
O=C(ON=C1CSCS1)NC,Cid1447
FC(F)(F)c2nc1c(cc(cc1C(F)(F)F)Cl)[nH]2,Cid1448
FC(F)(F)c1nc2c([nH]1)c(c(c(c2C)Cl)Br)Cl,Cid1449
O=[N+]([O-])c2cc(cc1[nH]c(nc12)C(F)(F)F)Br,Cid1450
O=[N+]([O-])c2cc1[nH]c(nc1c(c2)Cl)C(F)(F)F,Cid1451
Fc1c(F)c2[nH]c(nc2(c(F)c1(OC)))C(F)(F)F,Cid1452
O=C(ON=C1C(NC(=O)C(C)S1)(C)C)NC,Cid1453
O=P(OCCCC)(CC)SC,Cid1454
O=P(OCCC)(CC)SC,Cid1455
O=C(ON=C1CSC(C)CS1)NC,Cid1456
O=P(OCC)(OCC)SCS(=O)(=O)CC,Cid1457
O=S(=O)(CC)CSP(OCC)(OCC)=S,Cid1458
O=[N+]([O-])c1ccc(OP(OCC)(OCC)=S)cc1,Cid1459
O=C(ON=C1C(C)(C)SC(=NCC)S1)NC,Cid1460
Fc2cc1[nH]c(nc1c(c2)Cl)C(F)(F)F,Cid1461
O=C(ON=C1C(C)(C)SC(=NN(C)C)S1)NC,Cid1462
FC(F)(F)c2nc1c(ccc(c1Cl)Cl)[nH]2,Cid1463
O=C1C=CC=NN1CSP(OC)(OC)=S,Cid1464
O(CC)P(OCC)(=S)SC=C(C)SC,Cid1465
O(CC)P(OCC)(=S)SCSC(C)(C)C,Cid1466
O=S(CC)CSP(=O)(OCC)OCC,Cid1467
FC(F)(F)c2nc1c(cc(cc1Cl)Br)[nH]2,Cid1468
O=P(OCC)(OCC)SCCN(CC)CC,Cid1469
O=S(CC)CCSP(=O)(OCC)OCC,Cid1470
FC(F)(F)c2nc1c(cc(c(c1Cl)Cl)Br)[nH]2,Cid1471
O=P(OCC)(OCC)SCSCC,Cid1472
FC(F)(F)c1nc2c([nH]1)c(c(c(c2Br)Br)Cl)Br,Cid1473
FC(F)(F)c1nc2c([nH]1)c(c(c(c2Cl)Cl)Br)Br,Cid1474
